ISO-10303-21;
HEADER;
/* Generated by software containing ST-Developer
 * from STEP Tools, Inc. (www.steptools.com) 
 */
/* OPTION: strings as raw bytes, not using required /X/ escapes */

FILE_DESCRIPTION(
/* description */ ('Unknown'),
/* implementation_level */ '2;1');

FILE_NAME(
/* name */ '228ADS2AAWFCMBA',
/* time_stamp */ '2024-09-24T14:26:42+02:00',
/* author */ ('Unknown'),
/* organization */ ('Unknown'),
/* preprocessor_version */ 'ST-DEVELOPER v18.102',
/* originating_system */ 'Solid Edge',
/* authorisation */ 'Unknown');

FILE_SCHEMA (('AUTOMOTIVE_DESIGN {1 0 10303 214 3 1 1}'));
ENDSEC;

DATA;
#10=PROPERTY_DEFINITION_REPRESENTATION(#14,#12);
#11=PROPERTY_DEFINITION_REPRESENTATION(#15,#13);
#12=REPRESENTATION('',(#16),#5054);
#13=REPRESENTATION('',(#17),#5054);
#14=PROPERTY_DEFINITION('pmi validation property','',#5059);
#15=PROPERTY_DEFINITION('pmi validation property','',#5059);
#16=VALUE_REPRESENTATION_ITEM('number of annotations',COUNT_MEASURE(0.));
#17=VALUE_REPRESENTATION_ITEM('number of views',COUNT_MEASURE(0.));
#18=SHAPE_REPRESENTATION_RELATIONSHIP('','',#3493,#19);
#19=ADVANCED_BREP_SHAPE_REPRESENTATION('',(#3491),#5054);
#20=CYLINDRICAL_SURFACE('',#3500,3.75781839241571);
#21=CYLINDRICAL_SURFACE('',#3507,2.27348477486354);
#22=CYLINDRICAL_SURFACE('',#3535,0.394236366059033);
#23=CYLINDRICAL_SURFACE('',#3537,0.394236366059033);
#24=CYLINDRICAL_SURFACE('',#3539,0.394236366059033);
#25=CYLINDRICAL_SURFACE('',#3541,0.394236366059033);
#26=CYLINDRICAL_SURFACE('',#3558,0.598835821601285);
#27=CYLINDRICAL_SURFACE('',#3565,0.598835821601285);
#28=CYLINDRICAL_SURFACE('',#3570,0.504691243776605);
#29=CYLINDRICAL_SURFACE('',#3587,0.504691243776605);
#30=CYLINDRICAL_SURFACE('',#3592,0.221750639122677);
#31=CYLINDRICAL_SURFACE('',#3596,0.239909587761671);
#32=CYLINDRICAL_SURFACE('',#3601,0.528360910264912);
#33=CYLINDRICAL_SURFACE('',#3605,0.685241736545082);
#34=CYLINDRICAL_SURFACE('',#3612,0.221750639122677);
#35=CYLINDRICAL_SURFACE('',#3616,0.239909587761671);
#36=CYLINDRICAL_SURFACE('',#3620,0.528360910264912);
#37=CYLINDRICAL_SURFACE('',#3624,0.685241736545082);
#38=B_SPLINE_CURVE_WITH_KNOTS('',3,(#4337,#4338,#4339,#4340,#4341),
 .UNSPECIFIED.,.F.,.F.,(4,1,4),(0.00321857489175714,0.00355689011734489,
0.00389520534293264),.UNSPECIFIED.);
#39=B_SPLINE_CURVE_WITH_KNOTS('',3,(#4342,#4343,#4344,#4345,#4346),
 .UNSPECIFIED.,.F.,.F.,(4,1,4),(0.000941559543612,0.00128088337244104,0.00162020720127008),
 .UNSPECIFIED.);
#40=TOROIDAL_SURFACE('',#3498,3.48670320347064,0.271115188945069);
#41=TOROIDAL_SURFACE('',#3505,2.09778670174032,0.175698073123216);
#42=LINE('',#4332,#351);
#43=LINE('',#4348,#352);
#44=LINE('',#4352,#353);
#45=LINE('',#4354,#354);
#46=LINE('',#4357,#355);
#47=LINE('',#4359,#356);
#48=LINE('',#4361,#357);
#49=LINE('',#4363,#358);
#50=LINE('',#4365,#359);
#51=LINE('',#4367,#360);
#52=LINE('',#4369,#361);
#53=LINE('',#4371,#362);
#54=LINE('',#4373,#363);
#55=LINE('',#4374,#364);
#56=LINE('',#4377,#365);
#57=LINE('',#4379,#366);
#58=LINE('',#4381,#367);
#59=LINE('',#4383,#368);
#60=LINE('',#4385,#369);
#61=LINE('',#4387,#370);
#62=LINE('',#4389,#371);
#63=LINE('',#4391,#372);
#64=LINE('',#4393,#373);
#65=LINE('',#4394,#374);
#66=LINE('',#4403,#375);
#67=LINE('',#4405,#376);
#68=LINE('',#4407,#377);
#69=LINE('',#4409,#378);
#70=LINE('',#4411,#379);
#71=LINE('',#4413,#380);
#72=LINE('',#4415,#381);
#73=LINE('',#4417,#382);
#74=LINE('',#4419,#383);
#75=LINE('',#4421,#384);
#76=LINE('',#4423,#385);
#77=LINE('',#4425,#386);
#78=LINE('',#4427,#387);
#79=LINE('',#4429,#388);
#80=LINE('',#4431,#389);
#81=LINE('',#4433,#390);
#82=LINE('',#4435,#391);
#83=LINE('',#4437,#392);
#84=LINE('',#4439,#393);
#85=LINE('',#4441,#394);
#86=LINE('',#4443,#395);
#87=LINE('',#4445,#396);
#88=LINE('',#4446,#397);
#89=LINE('',#4448,#398);
#90=LINE('',#4462,#399);
#91=LINE('',#4464,#400);
#92=LINE('',#4466,#401);
#93=LINE('',#4468,#402);
#94=LINE('',#4470,#403);
#95=LINE('',#4472,#404);
#96=LINE('',#4474,#405);
#97=LINE('',#4476,#406);
#98=LINE('',#4478,#407);
#99=LINE('',#4480,#408);
#100=LINE('',#4482,#409);
#101=LINE('',#4484,#410);
#102=LINE('',#4486,#411);
#103=LINE('',#4488,#412);
#104=LINE('',#4490,#413);
#105=LINE('',#4492,#414);
#106=LINE('',#4506,#415);
#107=LINE('',#4509,#416);
#108=LINE('',#4511,#417);
#109=LINE('',#4513,#418);
#110=LINE('',#4515,#419);
#111=LINE('',#4518,#420);
#112=LINE('',#4519,#421);
#113=LINE('',#4521,#422);
#114=LINE('',#4523,#423);
#115=LINE('',#4525,#424);
#116=LINE('',#4527,#425);
#117=LINE('',#4529,#426);
#118=LINE('',#4531,#427);
#119=LINE('',#4534,#428);
#120=LINE('',#4536,#429);
#121=LINE('',#4538,#430);
#122=LINE('',#4540,#431);
#123=LINE('',#4543,#432);
#124=LINE('',#4545,#433);
#125=LINE('',#4546,#434);
#126=LINE('',#4548,#435);
#127=LINE('',#4550,#436);
#128=LINE('',#4552,#437);
#129=LINE('',#4554,#438);
#130=LINE('',#4558,#439);
#131=LINE('',#4560,#440);
#132=LINE('',#4562,#441);
#133=LINE('',#4564,#442);
#134=LINE('',#4566,#443);
#135=LINE('',#4568,#444);
#136=LINE('',#4572,#445);
#137=LINE('',#4574,#446);
#138=LINE('',#4576,#447);
#139=LINE('',#4578,#448);
#140=LINE('',#4580,#449);
#141=LINE('',#4582,#450);
#142=LINE('',#4585,#451);
#143=LINE('',#4587,#452);
#144=LINE('',#4589,#453);
#145=LINE('',#4591,#454);
#146=LINE('',#4593,#455);
#147=LINE('',#4595,#456);
#148=LINE('',#4597,#457);
#149=LINE('',#4600,#458);
#150=LINE('',#4602,#459);
#151=LINE('',#4604,#460);
#152=LINE('',#4606,#461);
#153=LINE('',#4607,#462);
#154=LINE('',#4611,#463);
#155=LINE('',#4615,#464);
#156=LINE('',#4618,#465);
#157=LINE('',#4620,#466);
#158=LINE('',#4622,#467);
#159=LINE('',#4624,#468);
#160=LINE('',#4626,#469);
#161=LINE('',#4628,#470);
#162=LINE('',#4630,#471);
#163=LINE('',#4633,#472);
#164=LINE('',#4635,#473);
#165=LINE('',#4637,#474);
#166=LINE('',#4639,#475);
#167=LINE('',#4640,#476);
#168=LINE('',#4644,#477);
#169=LINE('',#4648,#478);
#170=LINE('',#4650,#479);
#171=LINE('',#4652,#480);
#172=LINE('',#4654,#481);
#173=LINE('',#4656,#482);
#174=LINE('',#4660,#483);
#175=LINE('',#4662,#484);
#176=LINE('',#4664,#485);
#177=LINE('',#4666,#486);
#178=LINE('',#4668,#487);
#179=LINE('',#4670,#488);
#180=LINE('',#4672,#489);
#181=LINE('',#4674,#490);
#182=LINE('',#4676,#491);
#183=LINE('',#4678,#492);
#184=LINE('',#4681,#493);
#185=LINE('',#4683,#494);
#186=LINE('',#4685,#495);
#187=LINE('',#4687,#496);
#188=LINE('',#4690,#497);
#189=LINE('',#4691,#498);
#190=LINE('',#4693,#499);
#191=LINE('',#4695,#500);
#192=LINE('',#4697,#501);
#193=LINE('',#4699,#502);
#194=LINE('',#4701,#503);
#195=LINE('',#4703,#504);
#196=LINE('',#4706,#505);
#197=LINE('',#4708,#506);
#198=LINE('',#4710,#507);
#199=LINE('',#4712,#508);
#200=LINE('',#4714,#509);
#201=LINE('',#4716,#510);
#202=LINE('',#4718,#511);
#203=LINE('',#4720,#512);
#204=LINE('',#4722,#513);
#205=LINE('',#4724,#514);
#206=LINE('',#4726,#515);
#207=LINE('',#4728,#516);
#208=LINE('',#4730,#517);
#209=LINE('',#4732,#518);
#210=LINE('',#4734,#519);
#211=LINE('',#4736,#520);
#212=LINE('',#4740,#521);
#213=LINE('',#4742,#522);
#214=LINE('',#4744,#523);
#215=LINE('',#4746,#524);
#216=LINE('',#4748,#525);
#217=LINE('',#4750,#526);
#218=LINE('',#4752,#527);
#219=LINE('',#4757,#528);
#220=LINE('',#4761,#529);
#221=LINE('',#4763,#530);
#222=LINE('',#4765,#531);
#223=LINE('',#4767,#532);
#224=LINE('',#4771,#533);
#225=LINE('',#4775,#534);
#226=LINE('',#4777,#535);
#227=LINE('',#4779,#536);
#228=LINE('',#4781,#537);
#229=LINE('',#4784,#538);
#230=LINE('',#4786,#539);
#231=LINE('',#4788,#540);
#232=LINE('',#4792,#541);
#233=LINE('',#4796,#542);
#234=LINE('',#4798,#543);
#235=LINE('',#4800,#544);
#236=LINE('',#4804,#545);
#237=LINE('',#4808,#546);
#238=LINE('',#4810,#547);
#239=LINE('',#4812,#548);
#240=LINE('',#4814,#549);
#241=LINE('',#4816,#550);
#242=LINE('',#4818,#551);
#243=LINE('',#4820,#552);
#244=LINE('',#4822,#553);
#245=LINE('',#4824,#554);
#246=LINE('',#4826,#555);
#247=LINE('',#4827,#556);
#248=LINE('',#4832,#557);
#249=LINE('',#4836,#558);
#250=LINE('',#4838,#559);
#251=LINE('',#4840,#560);
#252=LINE('',#4842,#561);
#253=LINE('',#4846,#562);
#254=LINE('',#4850,#563);
#255=LINE('',#4853,#564);
#256=LINE('',#4855,#565);
#257=LINE('',#4857,#566);
#258=LINE('',#4861,#567);
#259=LINE('',#4865,#568);
#260=LINE('',#4867,#569);
#261=LINE('',#4869,#570);
#262=LINE('',#4873,#571);
#263=LINE('',#4877,#572);
#264=LINE('',#4879,#573);
#265=LINE('',#4881,#574);
#266=LINE('',#4883,#575);
#267=LINE('',#4885,#576);
#268=LINE('',#4887,#577);
#269=LINE('',#4889,#578);
#270=LINE('',#4891,#579);
#271=LINE('',#4893,#580);
#272=LINE('',#4895,#581);
#273=LINE('',#4896,#582);
#274=LINE('',#4898,#583);
#275=LINE('',#4900,#584);
#276=LINE('',#4902,#585);
#277=LINE('',#4904,#586);
#278=LINE('',#4907,#587);
#279=LINE('',#4909,#588);
#280=LINE('',#4911,#589);
#281=LINE('',#4913,#590);
#282=LINE('',#4915,#591);
#283=LINE('',#4917,#592);
#284=LINE('',#4919,#593);
#285=LINE('',#4921,#594);
#286=LINE('',#4923,#595);
#287=LINE('',#4925,#596);
#288=LINE('',#4927,#597);
#289=LINE('',#4929,#598);
#290=LINE('',#4931,#599);
#291=LINE('',#4933,#600);
#292=LINE('',#4935,#601);
#293=LINE('',#4937,#602);
#294=LINE('',#4939,#603);
#295=LINE('',#4941,#604);
#296=LINE('',#4943,#605);
#297=LINE('',#4945,#606);
#298=LINE('',#4947,#607);
#299=LINE('',#4949,#608);
#300=LINE('',#4951,#609);
#301=LINE('',#4953,#610);
#302=LINE('',#4954,#611);
#303=LINE('',#4956,#612);
#304=LINE('',#4958,#613);
#305=LINE('',#4960,#614);
#306=LINE('',#4962,#615);
#307=LINE('',#4964,#616);
#308=LINE('',#4966,#617);
#309=LINE('',#4967,#618);
#310=LINE('',#4969,#619);
#311=LINE('',#4971,#620);
#312=LINE('',#4973,#621);
#313=LINE('',#4975,#622);
#314=LINE('',#4977,#623);
#315=LINE('',#4979,#624);
#316=LINE('',#4981,#625);
#317=LINE('',#4983,#626);
#318=LINE('',#4985,#627);
#319=LINE('',#4987,#628);
#320=LINE('',#4989,#629);
#321=LINE('',#4991,#630);
#322=LINE('',#4993,#631);
#323=LINE('',#4995,#632);
#324=LINE('',#4997,#633);
#325=LINE('',#4999,#634);
#326=LINE('',#5001,#635);
#327=LINE('',#5003,#636);
#328=LINE('',#5005,#637);
#329=LINE('',#5007,#638);
#330=LINE('',#5009,#639);
#331=LINE('',#5011,#640);
#332=LINE('',#5013,#641);
#333=LINE('',#5015,#642);
#334=LINE('',#5017,#643);
#335=LINE('',#5019,#644);
#336=LINE('',#5021,#645);
#337=LINE('',#5023,#646);
#338=LINE('',#5025,#647);
#339=LINE('',#5027,#648);
#340=LINE('',#5030,#649);
#341=LINE('',#5032,#650);
#342=LINE('',#5034,#651);
#343=LINE('',#5036,#652);
#344=LINE('',#5038,#653);
#345=LINE('',#5040,#654);
#346=LINE('',#5042,#655);
#347=LINE('',#5044,#656);
#348=LINE('',#5046,#657);
#349=LINE('',#5048,#658);
#350=LINE('',#5049,#659);
#351=VECTOR('',#3676,1000.);
#352=VECTOR('',#3683,1000.);
#353=VECTOR('',#3686,1000.);
#354=VECTOR('',#3689,1000.);
#355=VECTOR('',#3690,1000.);
#356=VECTOR('',#3691,1000.);
#357=VECTOR('',#3692,1000.);
#358=VECTOR('',#3693,1000.);
#359=VECTOR('',#3694,1000.);
#360=VECTOR('',#3695,1000.);
#361=VECTOR('',#3696,1000.);
#362=VECTOR('',#3697,1000.);
#363=VECTOR('',#3698,1000.);
#364=VECTOR('',#3699,1000.);
#365=VECTOR('',#3700,1000.);
#366=VECTOR('',#3701,1000.);
#367=VECTOR('',#3702,1000.);
#368=VECTOR('',#3703,1000.);
#369=VECTOR('',#3704,1000.);
#370=VECTOR('',#3705,1000.);
#371=VECTOR('',#3706,1000.);
#372=VECTOR('',#3707,1000.);
#373=VECTOR('',#3708,1000.);
#374=VECTOR('',#3709,1000.);
#375=VECTOR('',#3722,1000.);
#376=VECTOR('',#3723,1000.);
#377=VECTOR('',#3724,1000.);
#378=VECTOR('',#3727,1000.);
#379=VECTOR('',#3728,1000.);
#380=VECTOR('',#3731,1000.);
#381=VECTOR('',#3732,1000.);
#382=VECTOR('',#3735,1000.);
#383=VECTOR('',#3736,1000.);
#384=VECTOR('',#3737,1000.);
#385=VECTOR('',#3740,1000.);
#386=VECTOR('',#3741,1000.);
#387=VECTOR('',#3744,1000.);
#388=VECTOR('',#3745,1000.);
#389=VECTOR('',#3748,1000.);
#390=VECTOR('',#3749,1000.);
#391=VECTOR('',#3752,1000.);
#392=VECTOR('',#3753,1000.);
#393=VECTOR('',#3756,1000.);
#394=VECTOR('',#3757,1000.);
#395=VECTOR('',#3760,1000.);
#396=VECTOR('',#3761,1000.);
#397=VECTOR('',#3762,1000.);
#398=VECTOR('',#3765,1000.);
#399=VECTOR('',#3784,1000.);
#400=VECTOR('',#3785,1000.);
#401=VECTOR('',#3786,1000.);
#402=VECTOR('',#3789,1000.);
#403=VECTOR('',#3790,1000.);
#404=VECTOR('',#3793,1000.);
#405=VECTOR('',#3794,1000.);
#406=VECTOR('',#3797,1000.);
#407=VECTOR('',#3798,1000.);
#408=VECTOR('',#3801,1000.);
#409=VECTOR('',#3802,1000.);
#410=VECTOR('',#3805,1000.);
#411=VECTOR('',#3806,1000.);
#412=VECTOR('',#3809,1000.);
#413=VECTOR('',#3810,1000.);
#414=VECTOR('',#3813,1000.);
#415=VECTOR('',#3832,1000.);
#416=VECTOR('',#3833,1000.);
#417=VECTOR('',#3834,1000.);
#418=VECTOR('',#3835,1000.);
#419=VECTOR('',#3838,1000.);
#420=VECTOR('',#3839,1000.);
#421=VECTOR('',#3840,1000.);
#422=VECTOR('',#3843,1000.);
#423=VECTOR('',#3844,1000.);
#424=VECTOR('',#3847,1000.);
#425=VECTOR('',#3848,1000.);
#426=VECTOR('',#3851,1000.);
#427=VECTOR('',#3854,1000.);
#428=VECTOR('',#3855,1000.);
#429=VECTOR('',#3856,1000.);
#430=VECTOR('',#3857,1000.);
#431=VECTOR('',#3860,1000.);
#432=VECTOR('',#3861,1000.);
#433=VECTOR('',#3862,1000.);
#434=VECTOR('',#3863,1000.);
#435=VECTOR('',#3864,1000.);
#436=VECTOR('',#3865,1000.);
#437=VECTOR('',#3866,1000.);
#438=VECTOR('',#3867,1000.);
#439=VECTOR('',#3870,1000.);
#440=VECTOR('',#3873,1000.);
#441=VECTOR('',#3874,1000.);
#442=VECTOR('',#3877,1000.);
#443=VECTOR('',#3878,1000.);
#444=VECTOR('',#3879,1000.);
#445=VECTOR('',#3882,1000.);
#446=VECTOR('',#3883,1000.);
#447=VECTOR('',#3884,1000.);
#448=VECTOR('',#3885,1000.);
#449=VECTOR('',#3886,1000.);
#450=VECTOR('',#3889,1000.);
#451=VECTOR('',#3890,1000.);
#452=VECTOR('',#3891,1000.);
#453=VECTOR('',#3892,1000.);
#454=VECTOR('',#3895,1000.);
#455=VECTOR('',#3896,1000.);
#456=VECTOR('',#3897,1000.);
#457=VECTOR('',#3900,1000.);
#458=VECTOR('',#3901,1000.);
#459=VECTOR('',#3902,1000.);
#460=VECTOR('',#3903,1000.);
#461=VECTOR('',#3906,1000.);
#462=VECTOR('',#3907,1000.);
#463=VECTOR('',#3912,1000.);
#464=VECTOR('',#3917,1000.);
#465=VECTOR('',#3918,1000.);
#466=VECTOR('',#3919,1000.);
#467=VECTOR('',#3920,1000.);
#468=VECTOR('',#3923,1000.);
#469=VECTOR('',#3924,1000.);
#470=VECTOR('',#3925,1000.);
#471=VECTOR('',#3928,1000.);
#472=VECTOR('',#3929,1000.);
#473=VECTOR('',#3930,1000.);
#474=VECTOR('',#3931,1000.);
#475=VECTOR('',#3934,1000.);
#476=VECTOR('',#3935,1000.);
#477=VECTOR('',#3940,1000.);
#478=VECTOR('',#3945,1000.);
#479=VECTOR('',#3946,1000.);
#480=VECTOR('',#3947,1000.);
#481=VECTOR('',#3950,1000.);
#482=VECTOR('',#3951,1000.);
#483=VECTOR('',#3956,1000.);
#484=VECTOR('',#3959,1000.);
#485=VECTOR('',#3960,1000.);
#486=VECTOR('',#3963,1000.);
#487=VECTOR('',#3964,1000.);
#488=VECTOR('',#3967,1000.);
#489=VECTOR('',#3968,1000.);
#490=VECTOR('',#3971,1000.);
#491=VECTOR('',#3972,1000.);
#492=VECTOR('',#3975,1000.);
#493=VECTOR('',#3976,1000.);
#494=VECTOR('',#3977,1000.);
#495=VECTOR('',#3978,1000.);
#496=VECTOR('',#3981,1000.);
#497=VECTOR('',#3982,1000.);
#498=VECTOR('',#3983,1000.);
#499=VECTOR('',#3986,1000.);
#500=VECTOR('',#3987,1000.);
#501=VECTOR('',#3990,1000.);
#502=VECTOR('',#3991,1000.);
#503=VECTOR('',#3994,1000.);
#504=VECTOR('',#3997,1000.);
#505=VECTOR('',#3998,1000.);
#506=VECTOR('',#3999,1000.);
#507=VECTOR('',#4000,1000.);
#508=VECTOR('',#4003,1000.);
#509=VECTOR('',#4004,1000.);
#510=VECTOR('',#4005,1000.);
#511=VECTOR('',#4006,1000.);
#512=VECTOR('',#4009,1000.);
#513=VECTOR('',#4010,1000.);
#514=VECTOR('',#4013,1000.);
#515=VECTOR('',#4014,1000.);
#516=VECTOR('',#4017,1000.);
#517=VECTOR('',#4018,1000.);
#518=VECTOR('',#4021,1000.);
#519=VECTOR('',#4022,1000.);
#520=VECTOR('',#4025,1000.);
#521=VECTOR('',#4030,1000.);
#522=VECTOR('',#4031,1000.);
#523=VECTOR('',#4034,1000.);
#524=VECTOR('',#4035,1000.);
#525=VECTOR('',#4038,1000.);
#526=VECTOR('',#4039,1000.);
#527=VECTOR('',#4040,1000.);
#528=VECTOR('',#4045,1000.);
#529=VECTOR('',#4048,1000.);
#530=VECTOR('',#4051,1000.);
#531=VECTOR('',#4052,1000.);
#532=VECTOR('',#4053,1000.);
#533=VECTOR('',#4058,1000.);
#534=VECTOR('',#4063,1000.);
#535=VECTOR('',#4064,1000.);
#536=VECTOR('',#4065,1000.);
#537=VECTOR('',#4068,1000.);
#538=VECTOR('',#4069,1000.);
#539=VECTOR('',#4070,1000.);
#540=VECTOR('',#4071,1000.);
#541=VECTOR('',#4076,1000.);
#542=VECTOR('',#4081,1000.);
#543=VECTOR('',#4082,1000.);
#544=VECTOR('',#4083,1000.);
#545=VECTOR('',#4088,1000.);
#546=VECTOR('',#4093,1000.);
#547=VECTOR('',#4094,1000.);
#548=VECTOR('',#4095,1000.);
#549=VECTOR('',#4098,1000.);
#550=VECTOR('',#4099,1000.);
#551=VECTOR('',#4100,1000.);
#552=VECTOR('',#4103,1000.);
#553=VECTOR('',#4104,1000.);
#554=VECTOR('',#4105,1000.);
#555=VECTOR('',#4108,1000.);
#556=VECTOR('',#4109,1000.);
#557=VECTOR('',#4114,1000.);
#558=VECTOR('',#4117,1000.);
#559=VECTOR('',#4120,1000.);
#560=VECTOR('',#4121,1000.);
#561=VECTOR('',#4122,1000.);
#562=VECTOR('',#4127,1000.);
#563=VECTOR('',#4132,1000.);
#564=VECTOR('',#4133,1000.);
#565=VECTOR('',#4134,1000.);
#566=VECTOR('',#4135,1000.);
#567=VECTOR('',#4140,1000.);
#568=VECTOR('',#4145,1000.);
#569=VECTOR('',#4146,1000.);
#570=VECTOR('',#4147,1000.);
#571=VECTOR('',#4152,1000.);
#572=VECTOR('',#4157,1000.);
#573=VECTOR('',#4158,1000.);
#574=VECTOR('',#4159,1000.);
#575=VECTOR('',#4162,1000.);
#576=VECTOR('',#4163,1000.);
#577=VECTOR('',#4164,1000.);
#578=VECTOR('',#4167,1000.);
#579=VECTOR('',#4168,1000.);
#580=VECTOR('',#4169,1000.);
#581=VECTOR('',#4172,1000.);
#582=VECTOR('',#4173,1000.);
#583=VECTOR('',#4176,1000.);
#584=VECTOR('',#4177,1000.);
#585=VECTOR('',#4178,1000.);
#586=VECTOR('',#4181,1000.);
#587=VECTOR('',#4182,1000.);
#588=VECTOR('',#4183,1000.);
#589=VECTOR('',#4184,1000.);
#590=VECTOR('',#4187,1000.);
#591=VECTOR('',#4188,1000.);
#592=VECTOR('',#4189,1000.);
#593=VECTOR('',#4192,1000.);
#594=VECTOR('',#4193,1000.);
#595=VECTOR('',#4196,1000.);
#596=VECTOR('',#4197,1000.);
#597=VECTOR('',#4200,1000.);
#598=VECTOR('',#4203,1000.);
#599=VECTOR('',#4204,1000.);
#600=VECTOR('',#4205,1000.);
#601=VECTOR('',#4208,1000.);
#602=VECTOR('',#4209,1000.);
#603=VECTOR('',#4212,1000.);
#604=VECTOR('',#4213,1000.);
#605=VECTOR('',#4216,1000.);
#606=VECTOR('',#4219,1000.);
#607=VECTOR('',#4220,1000.);
#608=VECTOR('',#4221,1000.);
#609=VECTOR('',#4224,1000.);
#610=VECTOR('',#4225,1000.);
#611=VECTOR('',#4226,1000.);
#612=VECTOR('',#4229,1000.);
#613=VECTOR('',#4230,1000.);
#614=VECTOR('',#4233,1000.);
#615=VECTOR('',#4234,1000.);
#616=VECTOR('',#4237,1000.);
#617=VECTOR('',#4238,1000.);
#618=VECTOR('',#4239,1000.);
#619=VECTOR('',#4242,1000.);
#620=VECTOR('',#4243,1000.);
#621=VECTOR('',#4246,1000.);
#622=VECTOR('',#4247,1000.);
#623=VECTOR('',#4250,1000.);
#624=VECTOR('',#4253,1000.);
#625=VECTOR('',#4254,1000.);
#626=VECTOR('',#4255,1000.);
#627=VECTOR('',#4258,1000.);
#628=VECTOR('',#4259,1000.);
#629=VECTOR('',#4262,1000.);
#630=VECTOR('',#4263,1000.);
#631=VECTOR('',#4266,1000.);
#632=VECTOR('',#4269,1000.);
#633=VECTOR('',#4270,1000.);
#634=VECTOR('',#4271,1000.);
#635=VECTOR('',#4274,1000.);
#636=VECTOR('',#4275,1000.);
#637=VECTOR('',#4278,1000.);
#638=VECTOR('',#4279,1000.);
#639=VECTOR('',#4282,1000.);
#640=VECTOR('',#4285,1000.);
#641=VECTOR('',#4286,1000.);
#642=VECTOR('',#4287,1000.);
#643=VECTOR('',#4290,1000.);
#644=VECTOR('',#4291,1000.);
#645=VECTOR('',#4294,1000.);
#646=VECTOR('',#4295,1000.);
#647=VECTOR('',#4298,1000.);
#648=VECTOR('',#4301,1000.);
#649=VECTOR('',#4302,1000.);
#650=VECTOR('',#4303,1000.);
#651=VECTOR('',#4304,1000.);
#652=VECTOR('',#4307,1000.);
#653=VECTOR('',#4308,1000.);
#654=VECTOR('',#4309,1000.);
#655=VECTOR('',#4312,1000.);
#656=VECTOR('',#4313,1000.);
#657=VECTOR('',#4314,1000.);
#658=VECTOR('',#4317,1000.);
#659=VECTOR('',#4318,1000.);
#660=ORIENTED_EDGE('',*,*,#1358,.F.);
#661=ORIENTED_EDGE('',*,*,#1359,.T.);
#662=ORIENTED_EDGE('',*,*,#1360,.T.);
#663=ORIENTED_EDGE('',*,*,#1361,.T.);
#664=ORIENTED_EDGE('',*,*,#1362,.T.);
#665=ORIENTED_EDGE('',*,*,#1359,.F.);
#666=ORIENTED_EDGE('',*,*,#1363,.T.);
#667=ORIENTED_EDGE('',*,*,#1361,.F.);
#668=ORIENTED_EDGE('',*,*,#1364,.T.);
#669=ORIENTED_EDGE('',*,*,#1365,.T.);
#670=ORIENTED_EDGE('',*,*,#1366,.T.);
#671=ORIENTED_EDGE('',*,*,#1367,.T.);
#672=ORIENTED_EDGE('',*,*,#1368,.T.);
#673=ORIENTED_EDGE('',*,*,#1369,.T.);
#674=ORIENTED_EDGE('',*,*,#1370,.T.);
#675=ORIENTED_EDGE('',*,*,#1371,.F.);
#676=ORIENTED_EDGE('',*,*,#1372,.T.);
#677=ORIENTED_EDGE('',*,*,#1373,.T.);
#678=ORIENTED_EDGE('',*,*,#1374,.T.);
#679=ORIENTED_EDGE('',*,*,#1375,.F.);
#680=ORIENTED_EDGE('',*,*,#1376,.T.);
#681=ORIENTED_EDGE('',*,*,#1377,.T.);
#682=ORIENTED_EDGE('',*,*,#1378,.T.);
#683=ORIENTED_EDGE('',*,*,#1379,.F.);
#684=ORIENTED_EDGE('',*,*,#1380,.T.);
#685=ORIENTED_EDGE('',*,*,#1381,.T.);
#686=ORIENTED_EDGE('',*,*,#1382,.T.);
#687=ORIENTED_EDGE('',*,*,#1383,.F.);
#688=ORIENTED_EDGE('',*,*,#1384,.T.);
#689=ORIENTED_EDGE('',*,*,#1385,.T.);
#690=ORIENTED_EDGE('',*,*,#1386,.T.);
#691=ORIENTED_EDGE('',*,*,#1365,.F.);
#692=ORIENTED_EDGE('',*,*,#1387,.T.);
#693=ORIENTED_EDGE('',*,*,#1388,.T.);
#694=ORIENTED_EDGE('',*,*,#1389,.T.);
#695=ORIENTED_EDGE('',*,*,#1388,.F.);
#696=ORIENTED_EDGE('',*,*,#1358,.T.);
#697=ORIENTED_EDGE('',*,*,#1389,.F.);
#698=ORIENTED_EDGE('',*,*,#1382,.F.);
#699=ORIENTED_EDGE('',*,*,#1390,.T.);
#700=ORIENTED_EDGE('',*,*,#1391,.F.);
#701=ORIENTED_EDGE('',*,*,#1392,.T.);
#702=ORIENTED_EDGE('',*,*,#1381,.F.);
#703=ORIENTED_EDGE('',*,*,#1393,.T.);
#704=ORIENTED_EDGE('',*,*,#1394,.F.);
#705=ORIENTED_EDGE('',*,*,#1390,.F.);
#706=ORIENTED_EDGE('',*,*,#1380,.F.);
#707=ORIENTED_EDGE('',*,*,#1395,.T.);
#708=ORIENTED_EDGE('',*,*,#1396,.F.);
#709=ORIENTED_EDGE('',*,*,#1393,.F.);
#710=ORIENTED_EDGE('',*,*,#1374,.F.);
#711=ORIENTED_EDGE('',*,*,#1397,.T.);
#712=ORIENTED_EDGE('',*,*,#1398,.F.);
#713=ORIENTED_EDGE('',*,*,#1399,.T.);
#714=ORIENTED_EDGE('',*,*,#1373,.F.);
#715=ORIENTED_EDGE('',*,*,#1400,.T.);
#716=ORIENTED_EDGE('',*,*,#1401,.F.);
#717=ORIENTED_EDGE('',*,*,#1397,.F.);
#718=ORIENTED_EDGE('',*,*,#1372,.F.);
#719=ORIENTED_EDGE('',*,*,#1402,.T.);
#720=ORIENTED_EDGE('',*,*,#1403,.F.);
#721=ORIENTED_EDGE('',*,*,#1400,.F.);
#722=ORIENTED_EDGE('',*,*,#1402,.F.);
#723=ORIENTED_EDGE('',*,*,#1371,.T.);
#724=ORIENTED_EDGE('',*,*,#1404,.T.);
#725=ORIENTED_EDGE('',*,*,#1405,.F.);
#726=ORIENTED_EDGE('',*,*,#1406,.T.);
#727=ORIENTED_EDGE('',*,*,#1383,.T.);
#728=ORIENTED_EDGE('',*,*,#1392,.F.);
#729=ORIENTED_EDGE('',*,*,#1407,.T.);
#730=ORIENTED_EDGE('',*,*,#1395,.F.);
#731=ORIENTED_EDGE('',*,*,#1379,.T.);
#732=ORIENTED_EDGE('',*,*,#1408,.T.);
#733=ORIENTED_EDGE('',*,*,#1409,.T.);
#734=ORIENTED_EDGE('',*,*,#1407,.F.);
#735=ORIENTED_EDGE('',*,*,#1391,.T.);
#736=ORIENTED_EDGE('',*,*,#1394,.T.);
#737=ORIENTED_EDGE('',*,*,#1396,.T.);
#738=ORIENTED_EDGE('',*,*,#1409,.F.);
#739=ORIENTED_EDGE('',*,*,#1410,.T.);
#740=ORIENTED_EDGE('',*,*,#1411,.T.);
#741=ORIENTED_EDGE('',*,*,#1398,.T.);
#742=ORIENTED_EDGE('',*,*,#1401,.T.);
#743=ORIENTED_EDGE('',*,*,#1403,.T.);
#744=ORIENTED_EDGE('',*,*,#1405,.T.);
#745=ORIENTED_EDGE('',*,*,#1412,.T.);
#746=ORIENTED_EDGE('',*,*,#1413,.T.);
#747=ORIENTED_EDGE('',*,*,#1375,.T.);
#748=ORIENTED_EDGE('',*,*,#1399,.F.);
#749=ORIENTED_EDGE('',*,*,#1411,.F.);
#750=ORIENTED_EDGE('',*,*,#1414,.T.);
#751=ORIENTED_EDGE('',*,*,#1415,.F.);
#752=ORIENTED_EDGE('',*,*,#1416,.T.);
#753=ORIENTED_EDGE('',*,*,#1417,.F.);
#754=ORIENTED_EDGE('',*,*,#1368,.F.);
#755=ORIENTED_EDGE('',*,*,#1418,.T.);
#756=ORIENTED_EDGE('',*,*,#1419,.F.);
#757=ORIENTED_EDGE('',*,*,#1420,.F.);
#758=ORIENTED_EDGE('',*,*,#1369,.F.);
#759=ORIENTED_EDGE('',*,*,#1420,.T.);
#760=ORIENTED_EDGE('',*,*,#1421,.F.);
#761=ORIENTED_EDGE('',*,*,#1422,.F.);
#762=ORIENTED_EDGE('',*,*,#1370,.F.);
#763=ORIENTED_EDGE('',*,*,#1422,.T.);
#764=ORIENTED_EDGE('',*,*,#1423,.F.);
#765=ORIENTED_EDGE('',*,*,#1424,.F.);
#766=ORIENTED_EDGE('',*,*,#1384,.F.);
#767=ORIENTED_EDGE('',*,*,#1406,.F.);
#768=ORIENTED_EDGE('',*,*,#1412,.F.);
#769=ORIENTED_EDGE('',*,*,#1404,.F.);
#770=ORIENTED_EDGE('',*,*,#1385,.F.);
#771=ORIENTED_EDGE('',*,*,#1424,.T.);
#772=ORIENTED_EDGE('',*,*,#1425,.F.);
#773=ORIENTED_EDGE('',*,*,#1426,.F.);
#774=ORIENTED_EDGE('',*,*,#1386,.F.);
#775=ORIENTED_EDGE('',*,*,#1426,.T.);
#776=ORIENTED_EDGE('',*,*,#1427,.F.);
#777=ORIENTED_EDGE('',*,*,#1428,.F.);
#778=ORIENTED_EDGE('',*,*,#1377,.F.);
#779=ORIENTED_EDGE('',*,*,#1428,.T.);
#780=ORIENTED_EDGE('',*,*,#1429,.F.);
#781=ORIENTED_EDGE('',*,*,#1430,.F.);
#782=ORIENTED_EDGE('',*,*,#1378,.F.);
#783=ORIENTED_EDGE('',*,*,#1430,.T.);
#784=ORIENTED_EDGE('',*,*,#1431,.F.);
#785=ORIENTED_EDGE('',*,*,#1432,.F.);
#786=ORIENTED_EDGE('',*,*,#1376,.F.);
#787=ORIENTED_EDGE('',*,*,#1413,.F.);
#788=ORIENTED_EDGE('',*,*,#1410,.F.);
#789=ORIENTED_EDGE('',*,*,#1408,.F.);
#790=ORIENTED_EDGE('',*,*,#1367,.F.);
#791=ORIENTED_EDGE('',*,*,#1432,.T.);
#792=ORIENTED_EDGE('',*,*,#1433,.F.);
#793=ORIENTED_EDGE('',*,*,#1418,.F.);
#794=ORIENTED_EDGE('',*,*,#1414,.F.);
#795=ORIENTED_EDGE('',*,*,#1434,.T.);
#796=ORIENTED_EDGE('',*,*,#1415,.T.);
#797=ORIENTED_EDGE('',*,*,#1435,.T.);
#798=ORIENTED_EDGE('',*,*,#1416,.F.);
#799=ORIENTED_EDGE('',*,*,#1436,.T.);
#800=ORIENTED_EDGE('',*,*,#1417,.T.);
#801=ORIENTED_EDGE('',*,*,#1437,.T.);
#802=ORIENTED_EDGE('',*,*,#1438,.T.);
#803=ORIENTED_EDGE('',*,*,#1439,.T.);
#804=ORIENTED_EDGE('',*,*,#1440,.T.);
#805=ORIENTED_EDGE('',*,*,#1441,.T.);
#806=ORIENTED_EDGE('',*,*,#1437,.F.);
#807=ORIENTED_EDGE('',*,*,#1436,.F.);
#808=ORIENTED_EDGE('',*,*,#1435,.F.);
#809=ORIENTED_EDGE('',*,*,#1434,.F.);
#810=ORIENTED_EDGE('',*,*,#1433,.T.);
#811=ORIENTED_EDGE('',*,*,#1431,.T.);
#812=ORIENTED_EDGE('',*,*,#1429,.T.);
#813=ORIENTED_EDGE('',*,*,#1427,.T.);
#814=ORIENTED_EDGE('',*,*,#1425,.T.);
#815=ORIENTED_EDGE('',*,*,#1423,.T.);
#816=ORIENTED_EDGE('',*,*,#1421,.T.);
#817=ORIENTED_EDGE('',*,*,#1419,.T.);
#818=ORIENTED_EDGE('',*,*,#1442,.F.);
#819=ORIENTED_EDGE('',*,*,#1443,.T.);
#820=ORIENTED_EDGE('',*,*,#1441,.F.);
#821=ORIENTED_EDGE('',*,*,#1444,.F.);
#822=ORIENTED_EDGE('',*,*,#1445,.F.);
#823=ORIENTED_EDGE('',*,*,#1446,.T.);
#824=ORIENTED_EDGE('',*,*,#1438,.F.);
#825=ORIENTED_EDGE('',*,*,#1443,.F.);
#826=ORIENTED_EDGE('',*,*,#1447,.F.);
#827=ORIENTED_EDGE('',*,*,#1448,.T.);
#828=ORIENTED_EDGE('',*,*,#1439,.F.);
#829=ORIENTED_EDGE('',*,*,#1446,.F.);
#830=ORIENTED_EDGE('',*,*,#1449,.F.);
#831=ORIENTED_EDGE('',*,*,#1444,.T.);
#832=ORIENTED_EDGE('',*,*,#1440,.F.);
#833=ORIENTED_EDGE('',*,*,#1448,.F.);
#834=ORIENTED_EDGE('',*,*,#1450,.F.);
#835=ORIENTED_EDGE('',*,*,#1451,.F.);
#836=ORIENTED_EDGE('',*,*,#1452,.T.);
#837=ORIENTED_EDGE('',*,*,#1453,.T.);
#838=ORIENTED_EDGE('',*,*,#1454,.F.);
#839=ORIENTED_EDGE('',*,*,#1455,.F.);
#840=ORIENTED_EDGE('',*,*,#1456,.F.);
#841=ORIENTED_EDGE('',*,*,#1452,.F.);
#842=ORIENTED_EDGE('',*,*,#1457,.F.);
#843=ORIENTED_EDGE('',*,*,#1458,.F.);
#844=ORIENTED_EDGE('',*,*,#1459,.F.);
#845=ORIENTED_EDGE('',*,*,#1460,.F.);
#846=ORIENTED_EDGE('',*,*,#1461,.F.);
#847=ORIENTED_EDGE('',*,*,#1462,.F.);
#848=ORIENTED_EDGE('',*,*,#1463,.F.);
#849=ORIENTED_EDGE('',*,*,#1464,.F.);
#850=ORIENTED_EDGE('',*,*,#1453,.F.);
#851=ORIENTED_EDGE('',*,*,#1456,.T.);
#852=ORIENTED_EDGE('',*,*,#1465,.T.);
#853=ORIENTED_EDGE('',*,*,#1466,.T.);
#854=ORIENTED_EDGE('',*,*,#1467,.T.);
#855=ORIENTED_EDGE('',*,*,#1468,.T.);
#856=ORIENTED_EDGE('',*,*,#1469,.T.);
#857=ORIENTED_EDGE('',*,*,#1470,.T.);
#858=ORIENTED_EDGE('',*,*,#1471,.T.);
#859=ORIENTED_EDGE('',*,*,#1472,.T.);
#860=ORIENTED_EDGE('',*,*,#1473,.T.);
#861=ORIENTED_EDGE('',*,*,#1474,.T.);
#862=ORIENTED_EDGE('',*,*,#1450,.T.);
#863=ORIENTED_EDGE('',*,*,#1464,.T.);
#864=ORIENTED_EDGE('',*,*,#1475,.T.);
#865=ORIENTED_EDGE('',*,*,#1476,.F.);
#866=ORIENTED_EDGE('',*,*,#1477,.F.);
#867=ORIENTED_EDGE('',*,*,#1478,.T.);
#868=ORIENTED_EDGE('',*,*,#1479,.T.);
#869=ORIENTED_EDGE('',*,*,#1480,.F.);
#870=ORIENTED_EDGE('',*,*,#1481,.F.);
#871=ORIENTED_EDGE('',*,*,#1476,.T.);
#872=ORIENTED_EDGE('',*,*,#1482,.T.);
#873=ORIENTED_EDGE('',*,*,#1483,.F.);
#874=ORIENTED_EDGE('',*,*,#1484,.F.);
#875=ORIENTED_EDGE('',*,*,#1485,.T.);
#876=ORIENTED_EDGE('',*,*,#1486,.T.);
#877=ORIENTED_EDGE('',*,*,#1478,.F.);
#878=ORIENTED_EDGE('',*,*,#1487,.F.);
#879=ORIENTED_EDGE('',*,*,#1483,.T.);
#880=ORIENTED_EDGE('',*,*,#1488,.T.);
#881=ORIENTED_EDGE('',*,*,#1489,.F.);
#882=ORIENTED_EDGE('',*,*,#1490,.F.);
#883=ORIENTED_EDGE('',*,*,#1480,.T.);
#884=ORIENTED_EDGE('',*,*,#1491,.T.);
#885=ORIENTED_EDGE('',*,*,#1492,.F.);
#886=ORIENTED_EDGE('',*,*,#1493,.F.);
#887=ORIENTED_EDGE('',*,*,#1494,.T.);
#888=ORIENTED_EDGE('',*,*,#1495,.T.);
#889=ORIENTED_EDGE('',*,*,#1496,.F.);
#890=ORIENTED_EDGE('',*,*,#1497,.F.);
#891=ORIENTED_EDGE('',*,*,#1492,.T.);
#892=ORIENTED_EDGE('',*,*,#1498,.T.);
#893=ORIENTED_EDGE('',*,*,#1499,.F.);
#894=ORIENTED_EDGE('',*,*,#1500,.F.);
#895=ORIENTED_EDGE('',*,*,#1501,.T.);
#896=ORIENTED_EDGE('',*,*,#1502,.T.);
#897=ORIENTED_EDGE('',*,*,#1494,.F.);
#898=ORIENTED_EDGE('',*,*,#1503,.F.);
#899=ORIENTED_EDGE('',*,*,#1499,.T.);
#900=ORIENTED_EDGE('',*,*,#1504,.T.);
#901=ORIENTED_EDGE('',*,*,#1505,.F.);
#902=ORIENTED_EDGE('',*,*,#1506,.F.);
#903=ORIENTED_EDGE('',*,*,#1496,.T.);
#904=ORIENTED_EDGE('',*,*,#1467,.F.);
#905=ORIENTED_EDGE('',*,*,#1507,.T.);
#906=ORIENTED_EDGE('',*,*,#1508,.F.);
#907=ORIENTED_EDGE('',*,*,#1509,.F.);
#908=ORIENTED_EDGE('',*,*,#1468,.F.);
#909=ORIENTED_EDGE('',*,*,#1509,.T.);
#910=ORIENTED_EDGE('',*,*,#1510,.F.);
#911=ORIENTED_EDGE('',*,*,#1511,.F.);
#912=ORIENTED_EDGE('',*,*,#1469,.F.);
#913=ORIENTED_EDGE('',*,*,#1511,.T.);
#914=ORIENTED_EDGE('',*,*,#1512,.F.);
#915=ORIENTED_EDGE('',*,*,#1513,.F.);
#916=ORIENTED_EDGE('',*,*,#1470,.F.);
#917=ORIENTED_EDGE('',*,*,#1513,.T.);
#918=ORIENTED_EDGE('',*,*,#1514,.F.);
#919=ORIENTED_EDGE('',*,*,#1515,.F.);
#920=ORIENTED_EDGE('',*,*,#1471,.F.);
#921=ORIENTED_EDGE('',*,*,#1515,.T.);
#922=ORIENTED_EDGE('',*,*,#1516,.F.);
#923=ORIENTED_EDGE('',*,*,#1517,.F.);
#924=ORIENTED_EDGE('',*,*,#1472,.F.);
#925=ORIENTED_EDGE('',*,*,#1517,.T.);
#926=ORIENTED_EDGE('',*,*,#1518,.F.);
#927=ORIENTED_EDGE('',*,*,#1519,.F.);
#928=ORIENTED_EDGE('',*,*,#1473,.F.);
#929=ORIENTED_EDGE('',*,*,#1519,.T.);
#930=ORIENTED_EDGE('',*,*,#1520,.F.);
#931=ORIENTED_EDGE('',*,*,#1521,.F.);
#932=ORIENTED_EDGE('',*,*,#1522,.T.);
#933=ORIENTED_EDGE('',*,*,#1523,.F.);
#934=ORIENTED_EDGE('',*,*,#1524,.F.);
#935=ORIENTED_EDGE('',*,*,#1525,.F.);
#936=ORIENTED_EDGE('',*,*,#1526,.F.);
#937=ORIENTED_EDGE('',*,*,#1527,.T.);
#938=ORIENTED_EDGE('',*,*,#1442,.T.);
#939=ORIENTED_EDGE('',*,*,#1528,.F.);
#940=ORIENTED_EDGE('',*,*,#1529,.F.);
#941=ORIENTED_EDGE('',*,*,#1530,.T.);
#942=ORIENTED_EDGE('',*,*,#1445,.T.);
#943=ORIENTED_EDGE('',*,*,#1527,.F.);
#944=ORIENTED_EDGE('',*,*,#1531,.F.);
#945=ORIENTED_EDGE('',*,*,#1532,.T.);
#946=ORIENTED_EDGE('',*,*,#1447,.T.);
#947=ORIENTED_EDGE('',*,*,#1530,.F.);
#948=ORIENTED_EDGE('',*,*,#1533,.F.);
#949=ORIENTED_EDGE('',*,*,#1528,.T.);
#950=ORIENTED_EDGE('',*,*,#1449,.T.);
#951=ORIENTED_EDGE('',*,*,#1532,.F.);
#952=ORIENTED_EDGE('',*,*,#1534,.T.);
#953=ORIENTED_EDGE('',*,*,#1535,.T.);
#954=ORIENTED_EDGE('',*,*,#1536,.F.);
#955=ORIENTED_EDGE('',*,*,#1537,.F.);
#956=ORIENTED_EDGE('',*,*,#1538,.F.);
#957=ORIENTED_EDGE('',*,*,#1539,.F.);
#958=ORIENTED_EDGE('',*,*,#1540,.T.);
#959=ORIENTED_EDGE('',*,*,#1541,.T.);
#960=ORIENTED_EDGE('',*,*,#1457,.T.);
#961=ORIENTED_EDGE('',*,*,#1451,.T.);
#962=ORIENTED_EDGE('',*,*,#1474,.F.);
#963=ORIENTED_EDGE('',*,*,#1521,.T.);
#964=ORIENTED_EDGE('',*,*,#1542,.T.);
#965=ORIENTED_EDGE('',*,*,#1458,.T.);
#966=ORIENTED_EDGE('',*,*,#1541,.F.);
#967=ORIENTED_EDGE('',*,*,#1543,.T.);
#968=ORIENTED_EDGE('',*,*,#1544,.T.);
#969=ORIENTED_EDGE('',*,*,#1459,.T.);
#970=ORIENTED_EDGE('',*,*,#1542,.F.);
#971=ORIENTED_EDGE('',*,*,#1545,.T.);
#972=ORIENTED_EDGE('',*,*,#1546,.T.);
#973=ORIENTED_EDGE('',*,*,#1460,.T.);
#974=ORIENTED_EDGE('',*,*,#1544,.F.);
#975=ORIENTED_EDGE('',*,*,#1547,.T.);
#976=ORIENTED_EDGE('',*,*,#1548,.T.);
#977=ORIENTED_EDGE('',*,*,#1461,.T.);
#978=ORIENTED_EDGE('',*,*,#1546,.F.);
#979=ORIENTED_EDGE('',*,*,#1549,.T.);
#980=ORIENTED_EDGE('',*,*,#1550,.T.);
#981=ORIENTED_EDGE('',*,*,#1462,.T.);
#982=ORIENTED_EDGE('',*,*,#1548,.F.);
#983=ORIENTED_EDGE('',*,*,#1551,.T.);
#984=ORIENTED_EDGE('',*,*,#1552,.T.);
#985=ORIENTED_EDGE('',*,*,#1463,.T.);
#986=ORIENTED_EDGE('',*,*,#1550,.F.);
#987=ORIENTED_EDGE('',*,*,#1553,.T.);
#988=ORIENTED_EDGE('',*,*,#1554,.T.);
#989=ORIENTED_EDGE('',*,*,#1454,.T.);
#990=ORIENTED_EDGE('',*,*,#1552,.F.);
#991=ORIENTED_EDGE('',*,*,#1555,.T.);
#992=ORIENTED_EDGE('',*,*,#1466,.F.);
#993=ORIENTED_EDGE('',*,*,#1465,.F.);
#994=ORIENTED_EDGE('',*,*,#1455,.T.);
#995=ORIENTED_EDGE('',*,*,#1554,.F.);
#996=ORIENTED_EDGE('',*,*,#1556,.T.);
#997=ORIENTED_EDGE('',*,*,#1557,.T.);
#998=ORIENTED_EDGE('',*,*,#1558,.F.);
#999=ORIENTED_EDGE('',*,*,#1507,.F.);
#1000=ORIENTED_EDGE('',*,*,#1559,.F.);
#1001=ORIENTED_EDGE('',*,*,#1560,.F.);
#1002=ORIENTED_EDGE('',*,*,#1561,.T.);
#1003=ORIENTED_EDGE('',*,*,#1562,.T.);
#1004=ORIENTED_EDGE('',*,*,#1563,.F.);
#1005=ORIENTED_EDGE('',*,*,#1564,.F.);
#1006=ORIENTED_EDGE('',*,*,#1565,.T.);
#1007=ORIENTED_EDGE('',*,*,#1560,.T.);
#1008=ORIENTED_EDGE('',*,*,#1566,.F.);
#1009=ORIENTED_EDGE('',*,*,#1567,.F.);
#1010=ORIENTED_EDGE('',*,*,#1568,.T.);
#1011=ORIENTED_EDGE('',*,*,#1564,.T.);
#1012=ORIENTED_EDGE('',*,*,#1569,.F.);
#1013=ORIENTED_EDGE('',*,*,#1570,.F.);
#1014=ORIENTED_EDGE('',*,*,#1571,.T.);
#1015=ORIENTED_EDGE('',*,*,#1567,.T.);
#1016=ORIENTED_EDGE('',*,*,#1572,.F.);
#1017=ORIENTED_EDGE('',*,*,#1573,.F.);
#1018=ORIENTED_EDGE('',*,*,#1574,.T.);
#1019=ORIENTED_EDGE('',*,*,#1575,.T.);
#1020=ORIENTED_EDGE('',*,*,#1576,.F.);
#1021=ORIENTED_EDGE('',*,*,#1577,.F.);
#1022=ORIENTED_EDGE('',*,*,#1578,.T.);
#1023=ORIENTED_EDGE('',*,*,#1573,.T.);
#1024=ORIENTED_EDGE('',*,*,#1579,.F.);
#1025=ORIENTED_EDGE('',*,*,#1580,.F.);
#1026=ORIENTED_EDGE('',*,*,#1581,.T.);
#1027=ORIENTED_EDGE('',*,*,#1577,.T.);
#1028=ORIENTED_EDGE('',*,*,#1582,.F.);
#1029=ORIENTED_EDGE('',*,*,#1583,.F.);
#1030=ORIENTED_EDGE('',*,*,#1584,.T.);
#1031=ORIENTED_EDGE('',*,*,#1580,.T.);
#1032=ORIENTED_EDGE('',*,*,#1585,.F.);
#1033=ORIENTED_EDGE('',*,*,#1586,.F.);
#1034=ORIENTED_EDGE('',*,*,#1587,.T.);
#1035=ORIENTED_EDGE('',*,*,#1583,.T.);
#1036=ORIENTED_EDGE('',*,*,#1588,.F.);
#1037=ORIENTED_EDGE('',*,*,#1589,.F.);
#1038=ORIENTED_EDGE('',*,*,#1590,.T.);
#1039=ORIENTED_EDGE('',*,*,#1586,.T.);
#1040=ORIENTED_EDGE('',*,*,#1591,.F.);
#1041=ORIENTED_EDGE('',*,*,#1592,.F.);
#1042=ORIENTED_EDGE('',*,*,#1593,.T.);
#1043=ORIENTED_EDGE('',*,*,#1589,.T.);
#1044=ORIENTED_EDGE('',*,*,#1594,.F.);
#1045=ORIENTED_EDGE('',*,*,#1562,.F.);
#1046=ORIENTED_EDGE('',*,*,#1595,.T.);
#1047=ORIENTED_EDGE('',*,*,#1592,.T.);
#1048=ORIENTED_EDGE('',*,*,#1596,.F.);
#1049=ORIENTED_EDGE('',*,*,#1597,.F.);
#1050=ORIENTED_EDGE('',*,*,#1598,.T.);
#1051=ORIENTED_EDGE('',*,*,#1599,.T.);
#1052=ORIENTED_EDGE('',*,*,#1600,.F.);
#1053=ORIENTED_EDGE('',*,*,#1601,.F.);
#1054=ORIENTED_EDGE('',*,*,#1602,.T.);
#1055=ORIENTED_EDGE('',*,*,#1597,.T.);
#1056=ORIENTED_EDGE('',*,*,#1603,.F.);
#1057=ORIENTED_EDGE('',*,*,#1604,.F.);
#1058=ORIENTED_EDGE('',*,*,#1605,.T.);
#1059=ORIENTED_EDGE('',*,*,#1601,.T.);
#1060=ORIENTED_EDGE('',*,*,#1606,.F.);
#1061=ORIENTED_EDGE('',*,*,#1607,.F.);
#1062=ORIENTED_EDGE('',*,*,#1608,.T.);
#1063=ORIENTED_EDGE('',*,*,#1609,.T.);
#1064=ORIENTED_EDGE('',*,*,#1610,.F.);
#1065=ORIENTED_EDGE('',*,*,#1611,.F.);
#1066=ORIENTED_EDGE('',*,*,#1612,.T.);
#1067=ORIENTED_EDGE('',*,*,#1607,.T.);
#1068=ORIENTED_EDGE('',*,*,#1613,.F.);
#1069=ORIENTED_EDGE('',*,*,#1614,.F.);
#1070=ORIENTED_EDGE('',*,*,#1615,.T.);
#1071=ORIENTED_EDGE('',*,*,#1611,.T.);
#1072=ORIENTED_EDGE('',*,*,#1616,.F.);
#1073=ORIENTED_EDGE('',*,*,#1617,.F.);
#1074=ORIENTED_EDGE('',*,*,#1618,.T.);
#1075=ORIENTED_EDGE('',*,*,#1614,.T.);
#1076=ORIENTED_EDGE('',*,*,#1619,.F.);
#1077=ORIENTED_EDGE('',*,*,#1620,.F.);
#1078=ORIENTED_EDGE('',*,*,#1621,.T.);
#1079=ORIENTED_EDGE('',*,*,#1617,.T.);
#1080=ORIENTED_EDGE('',*,*,#1622,.F.);
#1081=ORIENTED_EDGE('',*,*,#1623,.F.);
#1082=ORIENTED_EDGE('',*,*,#1624,.T.);
#1083=ORIENTED_EDGE('',*,*,#1620,.T.);
#1084=ORIENTED_EDGE('',*,*,#1625,.F.);
#1085=ORIENTED_EDGE('',*,*,#1626,.F.);
#1086=ORIENTED_EDGE('',*,*,#1627,.T.);
#1087=ORIENTED_EDGE('',*,*,#1623,.T.);
#1088=ORIENTED_EDGE('',*,*,#1628,.F.);
#1089=ORIENTED_EDGE('',*,*,#1599,.F.);
#1090=ORIENTED_EDGE('',*,*,#1629,.T.);
#1091=ORIENTED_EDGE('',*,*,#1626,.T.);
#1092=ORIENTED_EDGE('',*,*,#1630,.F.);
#1093=ORIENTED_EDGE('',*,*,#1631,.F.);
#1094=ORIENTED_EDGE('',*,*,#1632,.T.);
#1095=ORIENTED_EDGE('',*,*,#1604,.T.);
#1096=ORIENTED_EDGE('',*,*,#1633,.F.);
#1097=ORIENTED_EDGE('',*,*,#1634,.F.);
#1098=ORIENTED_EDGE('',*,*,#1635,.T.);
#1099=ORIENTED_EDGE('',*,*,#1636,.T.);
#1100=ORIENTED_EDGE('',*,*,#1487,.T.);
#1101=ORIENTED_EDGE('',*,*,#1477,.T.);
#1102=ORIENTED_EDGE('',*,*,#1481,.T.);
#1103=ORIENTED_EDGE('',*,*,#1490,.T.);
#1104=ORIENTED_EDGE('',*,*,#1637,.T.);
#1105=ORIENTED_EDGE('',*,*,#1638,.T.);
#1106=ORIENTED_EDGE('',*,*,#1639,.T.);
#1107=ORIENTED_EDGE('',*,*,#1484,.T.);
#1108=ORIENTED_EDGE('',*,*,#1640,.T.);
#1109=ORIENTED_EDGE('',*,*,#1485,.F.);
#1110=ORIENTED_EDGE('',*,*,#1639,.F.);
#1111=ORIENTED_EDGE('',*,*,#1641,.F.);
#1112=ORIENTED_EDGE('',*,*,#1486,.F.);
#1113=ORIENTED_EDGE('',*,*,#1482,.F.);
#1114=ORIENTED_EDGE('',*,*,#1640,.F.);
#1115=ORIENTED_EDGE('',*,*,#1642,.F.);
#1116=ORIENTED_EDGE('',*,*,#1643,.F.);
#1117=ORIENTED_EDGE('',*,*,#1488,.F.);
#1118=ORIENTED_EDGE('',*,*,#1479,.F.);
#1119=ORIENTED_EDGE('',*,*,#1475,.F.);
#1120=ORIENTED_EDGE('',*,*,#1643,.T.);
#1121=ORIENTED_EDGE('',*,*,#1644,.F.);
#1122=ORIENTED_EDGE('',*,*,#1637,.F.);
#1123=ORIENTED_EDGE('',*,*,#1489,.T.);
#1124=ORIENTED_EDGE('',*,*,#1503,.T.);
#1125=ORIENTED_EDGE('',*,*,#1493,.T.);
#1126=ORIENTED_EDGE('',*,*,#1497,.T.);
#1127=ORIENTED_EDGE('',*,*,#1506,.T.);
#1128=ORIENTED_EDGE('',*,*,#1645,.T.);
#1129=ORIENTED_EDGE('',*,*,#1646,.T.);
#1130=ORIENTED_EDGE('',*,*,#1647,.T.);
#1131=ORIENTED_EDGE('',*,*,#1500,.T.);
#1132=ORIENTED_EDGE('',*,*,#1648,.T.);
#1133=ORIENTED_EDGE('',*,*,#1501,.F.);
#1134=ORIENTED_EDGE('',*,*,#1647,.F.);
#1135=ORIENTED_EDGE('',*,*,#1649,.F.);
#1136=ORIENTED_EDGE('',*,*,#1502,.F.);
#1137=ORIENTED_EDGE('',*,*,#1498,.F.);
#1138=ORIENTED_EDGE('',*,*,#1648,.F.);
#1139=ORIENTED_EDGE('',*,*,#1650,.F.);
#1140=ORIENTED_EDGE('',*,*,#1651,.F.);
#1141=ORIENTED_EDGE('',*,*,#1504,.F.);
#1142=ORIENTED_EDGE('',*,*,#1495,.F.);
#1143=ORIENTED_EDGE('',*,*,#1491,.F.);
#1144=ORIENTED_EDGE('',*,*,#1651,.T.);
#1145=ORIENTED_EDGE('',*,*,#1652,.F.);
#1146=ORIENTED_EDGE('',*,*,#1645,.F.);
#1147=ORIENTED_EDGE('',*,*,#1505,.T.);
#1148=ORIENTED_EDGE('',*,*,#1653,.F.);
#1149=ORIENTED_EDGE('',*,*,#1557,.F.);
#1150=ORIENTED_EDGE('',*,*,#1654,.T.);
#1151=ORIENTED_EDGE('',*,*,#1655,.T.);
#1152=ORIENTED_EDGE('',*,*,#1656,.T.);
#1153=ORIENTED_EDGE('',*,*,#1525,.T.);
#1154=ORIENTED_EDGE('',*,*,#1657,.T.);
#1155=ORIENTED_EDGE('',*,*,#1538,.T.);
#1156=ORIENTED_EDGE('',*,*,#1520,.T.);
#1157=ORIENTED_EDGE('',*,*,#1518,.T.);
#1158=ORIENTED_EDGE('',*,*,#1516,.T.);
#1159=ORIENTED_EDGE('',*,*,#1514,.T.);
#1160=ORIENTED_EDGE('',*,*,#1512,.T.);
#1161=ORIENTED_EDGE('',*,*,#1510,.T.);
#1162=ORIENTED_EDGE('',*,*,#1508,.T.);
#1163=ORIENTED_EDGE('',*,*,#1558,.T.);
#1164=ORIENTED_EDGE('',*,*,#1653,.T.);
#1165=ORIENTED_EDGE('',*,*,#1658,.T.);
#1166=ORIENTED_EDGE('',*,*,#1659,.T.);
#1167=ORIENTED_EDGE('',*,*,#1660,.F.);
#1168=ORIENTED_EDGE('',*,*,#1522,.F.);
#1169=ORIENTED_EDGE('',*,*,#1656,.F.);
#1170=ORIENTED_EDGE('',*,*,#1661,.F.);
#1171=ORIENTED_EDGE('',*,*,#1523,.T.);
#1172=ORIENTED_EDGE('',*,*,#1660,.T.);
#1173=ORIENTED_EDGE('',*,*,#1662,.F.);
#1174=ORIENTED_EDGE('',*,*,#1533,.T.);
#1175=ORIENTED_EDGE('',*,*,#1531,.T.);
#1176=ORIENTED_EDGE('',*,*,#1529,.T.);
#1177=ORIENTED_EDGE('',*,*,#1526,.T.);
#1178=ORIENTED_EDGE('',*,*,#1663,.T.);
#1179=ORIENTED_EDGE('',*,*,#1535,.F.);
#1180=ORIENTED_EDGE('',*,*,#1664,.T.);
#1181=ORIENTED_EDGE('',*,*,#1539,.T.);
#1182=ORIENTED_EDGE('',*,*,#1657,.F.);
#1183=ORIENTED_EDGE('',*,*,#1524,.T.);
#1184=ORIENTED_EDGE('',*,*,#1661,.T.);
#1185=ORIENTED_EDGE('',*,*,#1665,.F.);
#1186=ORIENTED_EDGE('',*,*,#1666,.T.);
#1187=ORIENTED_EDGE('',*,*,#1536,.T.);
#1188=ORIENTED_EDGE('',*,*,#1663,.F.);
#1189=ORIENTED_EDGE('',*,*,#1667,.F.);
#1190=ORIENTED_EDGE('',*,*,#1668,.T.);
#1191=ORIENTED_EDGE('',*,*,#1537,.T.);
#1192=ORIENTED_EDGE('',*,*,#1666,.F.);
#1193=ORIENTED_EDGE('',*,*,#1669,.F.);
#1194=ORIENTED_EDGE('',*,*,#1668,.F.);
#1195=ORIENTED_EDGE('',*,*,#1670,.F.);
#1196=ORIENTED_EDGE('',*,*,#1654,.F.);
#1197=ORIENTED_EDGE('',*,*,#1556,.F.);
#1198=ORIENTED_EDGE('',*,*,#1555,.F.);
#1199=ORIENTED_EDGE('',*,*,#1553,.F.);
#1200=ORIENTED_EDGE('',*,*,#1551,.F.);
#1201=ORIENTED_EDGE('',*,*,#1549,.F.);
#1202=ORIENTED_EDGE('',*,*,#1547,.F.);
#1203=ORIENTED_EDGE('',*,*,#1545,.F.);
#1204=ORIENTED_EDGE('',*,*,#1543,.F.);
#1205=ORIENTED_EDGE('',*,*,#1540,.F.);
#1206=ORIENTED_EDGE('',*,*,#1664,.F.);
#1207=ORIENTED_EDGE('',*,*,#1534,.F.);
#1208=ORIENTED_EDGE('',*,*,#1671,.F.);
#1209=ORIENTED_EDGE('',*,*,#1672,.T.);
#1210=ORIENTED_EDGE('',*,*,#1673,.T.);
#1211=ORIENTED_EDGE('',*,*,#1570,.T.);
#1212=ORIENTED_EDGE('',*,*,#1595,.F.);
#1213=ORIENTED_EDGE('',*,*,#1561,.F.);
#1214=ORIENTED_EDGE('',*,*,#1565,.F.);
#1215=ORIENTED_EDGE('',*,*,#1568,.F.);
#1216=ORIENTED_EDGE('',*,*,#1571,.F.);
#1217=ORIENTED_EDGE('',*,*,#1673,.F.);
#1218=ORIENTED_EDGE('',*,*,#1674,.F.);
#1219=ORIENTED_EDGE('',*,*,#1675,.F.);
#1220=ORIENTED_EDGE('',*,*,#1574,.F.);
#1221=ORIENTED_EDGE('',*,*,#1578,.F.);
#1222=ORIENTED_EDGE('',*,*,#1581,.F.);
#1223=ORIENTED_EDGE('',*,*,#1584,.F.);
#1224=ORIENTED_EDGE('',*,*,#1587,.F.);
#1225=ORIENTED_EDGE('',*,*,#1590,.F.);
#1226=ORIENTED_EDGE('',*,*,#1593,.F.);
#1227=ORIENTED_EDGE('',*,*,#1676,.F.);
#1228=ORIENTED_EDGE('',*,*,#1575,.F.);
#1229=ORIENTED_EDGE('',*,*,#1675,.T.);
#1230=ORIENTED_EDGE('',*,*,#1677,.T.);
#1231=ORIENTED_EDGE('',*,*,#1594,.T.);
#1232=ORIENTED_EDGE('',*,*,#1591,.T.);
#1233=ORIENTED_EDGE('',*,*,#1588,.T.);
#1234=ORIENTED_EDGE('',*,*,#1585,.T.);
#1235=ORIENTED_EDGE('',*,*,#1582,.T.);
#1236=ORIENTED_EDGE('',*,*,#1579,.T.);
#1237=ORIENTED_EDGE('',*,*,#1576,.T.);
#1238=ORIENTED_EDGE('',*,*,#1572,.T.);
#1239=ORIENTED_EDGE('',*,*,#1676,.T.);
#1240=ORIENTED_EDGE('',*,*,#1678,.T.);
#1241=ORIENTED_EDGE('',*,*,#1671,.T.);
#1242=ORIENTED_EDGE('',*,*,#1569,.T.);
#1243=ORIENTED_EDGE('',*,*,#1566,.T.);
#1244=ORIENTED_EDGE('',*,*,#1563,.T.);
#1245=ORIENTED_EDGE('',*,*,#1559,.T.);
#1246=ORIENTED_EDGE('',*,*,#1629,.F.);
#1247=ORIENTED_EDGE('',*,*,#1598,.F.);
#1248=ORIENTED_EDGE('',*,*,#1602,.F.);
#1249=ORIENTED_EDGE('',*,*,#1605,.F.);
#1250=ORIENTED_EDGE('',*,*,#1632,.F.);
#1251=ORIENTED_EDGE('',*,*,#1679,.F.);
#1252=ORIENTED_EDGE('',*,*,#1680,.F.);
#1253=ORIENTED_EDGE('',*,*,#1681,.F.);
#1254=ORIENTED_EDGE('',*,*,#1608,.F.);
#1255=ORIENTED_EDGE('',*,*,#1612,.F.);
#1256=ORIENTED_EDGE('',*,*,#1615,.F.);
#1257=ORIENTED_EDGE('',*,*,#1618,.F.);
#1258=ORIENTED_EDGE('',*,*,#1621,.F.);
#1259=ORIENTED_EDGE('',*,*,#1624,.F.);
#1260=ORIENTED_EDGE('',*,*,#1627,.F.);
#1261=ORIENTED_EDGE('',*,*,#1682,.F.);
#1262=ORIENTED_EDGE('',*,*,#1609,.F.);
#1263=ORIENTED_EDGE('',*,*,#1681,.T.);
#1264=ORIENTED_EDGE('',*,*,#1683,.T.);
#1265=ORIENTED_EDGE('',*,*,#1628,.T.);
#1266=ORIENTED_EDGE('',*,*,#1625,.T.);
#1267=ORIENTED_EDGE('',*,*,#1622,.T.);
#1268=ORIENTED_EDGE('',*,*,#1619,.T.);
#1269=ORIENTED_EDGE('',*,*,#1616,.T.);
#1270=ORIENTED_EDGE('',*,*,#1613,.T.);
#1271=ORIENTED_EDGE('',*,*,#1610,.T.);
#1272=ORIENTED_EDGE('',*,*,#1606,.T.);
#1273=ORIENTED_EDGE('',*,*,#1682,.T.);
#1274=ORIENTED_EDGE('',*,*,#1684,.T.);
#1275=ORIENTED_EDGE('',*,*,#1685,.T.);
#1276=ORIENTED_EDGE('',*,*,#1630,.T.);
#1277=ORIENTED_EDGE('',*,*,#1603,.T.);
#1278=ORIENTED_EDGE('',*,*,#1600,.T.);
#1279=ORIENTED_EDGE('',*,*,#1596,.T.);
#1280=ORIENTED_EDGE('',*,*,#1685,.F.);
#1281=ORIENTED_EDGE('',*,*,#1686,.T.);
#1282=ORIENTED_EDGE('',*,*,#1679,.T.);
#1283=ORIENTED_EDGE('',*,*,#1631,.T.);
#1284=ORIENTED_EDGE('',*,*,#1687,.F.);
#1285=ORIENTED_EDGE('',*,*,#1688,.T.);
#1286=ORIENTED_EDGE('',*,*,#1689,.T.);
#1287=ORIENTED_EDGE('',*,*,#1634,.T.);
#1288=ORIENTED_EDGE('',*,*,#1690,.F.);
#1289=ORIENTED_EDGE('',*,*,#1635,.F.);
#1290=ORIENTED_EDGE('',*,*,#1689,.F.);
#1291=ORIENTED_EDGE('',*,*,#1691,.F.);
#1292=ORIENTED_EDGE('',*,*,#1692,.F.);
#1293=ORIENTED_EDGE('',*,*,#1636,.F.);
#1294=ORIENTED_EDGE('',*,*,#1690,.T.);
#1295=ORIENTED_EDGE('',*,*,#1693,.T.);
#1296=ORIENTED_EDGE('',*,*,#1692,.T.);
#1297=ORIENTED_EDGE('',*,*,#1694,.T.);
#1298=ORIENTED_EDGE('',*,*,#1687,.T.);
#1299=ORIENTED_EDGE('',*,*,#1633,.T.);
#1300=ORIENTED_EDGE('',*,*,#1695,.F.);
#1301=ORIENTED_EDGE('',*,*,#1696,.F.);
#1302=ORIENTED_EDGE('',*,*,#1697,.T.);
#1303=ORIENTED_EDGE('',*,*,#1698,.F.);
#1304=ORIENTED_EDGE('',*,*,#1694,.F.);
#1305=ORIENTED_EDGE('',*,*,#1693,.F.);
#1306=ORIENTED_EDGE('',*,*,#1691,.T.);
#1307=ORIENTED_EDGE('',*,*,#1688,.F.);
#1308=ORIENTED_EDGE('',*,*,#1686,.F.);
#1309=ORIENTED_EDGE('',*,*,#1684,.F.);
#1310=ORIENTED_EDGE('',*,*,#1683,.F.);
#1311=ORIENTED_EDGE('',*,*,#1680,.T.);
#1312=ORIENTED_EDGE('',*,*,#1678,.F.);
#1313=ORIENTED_EDGE('',*,*,#1677,.F.);
#1314=ORIENTED_EDGE('',*,*,#1674,.T.);
#1315=ORIENTED_EDGE('',*,*,#1672,.F.);
#1316=ORIENTED_EDGE('',*,*,#1670,.T.);
#1317=ORIENTED_EDGE('',*,*,#1669,.T.);
#1318=ORIENTED_EDGE('',*,*,#1667,.T.);
#1319=ORIENTED_EDGE('',*,*,#1665,.T.);
#1320=ORIENTED_EDGE('',*,*,#1662,.T.);
#1321=ORIENTED_EDGE('',*,*,#1659,.F.);
#1322=ORIENTED_EDGE('',*,*,#1658,.F.);
#1323=ORIENTED_EDGE('',*,*,#1655,.F.);
#1324=ORIENTED_EDGE('',*,*,#1652,.T.);
#1325=ORIENTED_EDGE('',*,*,#1650,.T.);
#1326=ORIENTED_EDGE('',*,*,#1649,.T.);
#1327=ORIENTED_EDGE('',*,*,#1646,.F.);
#1328=ORIENTED_EDGE('',*,*,#1644,.T.);
#1329=ORIENTED_EDGE('',*,*,#1642,.T.);
#1330=ORIENTED_EDGE('',*,*,#1641,.T.);
#1331=ORIENTED_EDGE('',*,*,#1638,.F.);
#1332=ORIENTED_EDGE('',*,*,#1699,.F.);
#1333=ORIENTED_EDGE('',*,*,#1700,.F.);
#1334=ORIENTED_EDGE('',*,*,#1701,.T.);
#1335=ORIENTED_EDGE('',*,*,#1696,.T.);
#1336=ORIENTED_EDGE('',*,*,#1702,.F.);
#1337=ORIENTED_EDGE('',*,*,#1698,.T.);
#1338=ORIENTED_EDGE('',*,*,#1703,.T.);
#1339=ORIENTED_EDGE('',*,*,#1704,.T.);
#1340=ORIENTED_EDGE('',*,*,#1705,.F.);
#1341=ORIENTED_EDGE('',*,*,#1704,.F.);
#1342=ORIENTED_EDGE('',*,*,#1706,.T.);
#1343=ORIENTED_EDGE('',*,*,#1700,.T.);
#1344=ORIENTED_EDGE('',*,*,#1699,.T.);
#1345=ORIENTED_EDGE('',*,*,#1695,.T.);
#1346=ORIENTED_EDGE('',*,*,#1702,.T.);
#1347=ORIENTED_EDGE('',*,*,#1705,.T.);
#1348=ORIENTED_EDGE('',*,*,#1701,.F.);
#1349=ORIENTED_EDGE('',*,*,#1706,.F.);
#1350=ORIENTED_EDGE('',*,*,#1703,.F.);
#1351=ORIENTED_EDGE('',*,*,#1697,.F.);
#1352=ORIENTED_EDGE('',*,*,#1362,.F.);
#1353=ORIENTED_EDGE('',*,*,#1366,.F.);
#1354=ORIENTED_EDGE('',*,*,#1387,.F.);
#1355=ORIENTED_EDGE('',*,*,#1364,.F.);
#1356=ORIENTED_EDGE('',*,*,#1363,.F.);
#1357=ORIENTED_EDGE('',*,*,#1360,.F.);
#1358=EDGE_CURVE('',#1707,#1707,#1942,.T.);
#1359=EDGE_CURVE('',#1708,#1709,#1943,.T.);
#1360=EDGE_CURVE('',#1709,#1708,#42,.T.);
#1361=EDGE_CURVE('',#1710,#1711,#1944,.T.);
#1362=EDGE_CURVE('',#1711,#1709,#38,.T.);
#1363=EDGE_CURVE('',#1708,#1710,#39,.T.);
#1364=EDGE_CURVE('',#1710,#1712,#43,.F.);
#1365=EDGE_CURVE('',#1712,#1713,#1945,.T.);
#1366=EDGE_CURVE('',#1713,#1711,#44,.T.);
#1367=EDGE_CURVE('',#1714,#1715,#45,.T.);
#1368=EDGE_CURVE('',#1715,#1716,#46,.T.);
#1369=EDGE_CURVE('',#1716,#1717,#47,.T.);
#1370=EDGE_CURVE('',#1717,#1718,#48,.T.);
#1371=EDGE_CURVE('',#1719,#1718,#49,.T.);
#1372=EDGE_CURVE('',#1719,#1720,#50,.T.);
#1373=EDGE_CURVE('',#1720,#1721,#51,.T.);
#1374=EDGE_CURVE('',#1721,#1722,#52,.T.);
#1375=EDGE_CURVE('',#1723,#1722,#53,.T.);
#1376=EDGE_CURVE('',#1723,#1714,#54,.T.);
#1377=EDGE_CURVE('',#1724,#1725,#55,.T.);
#1378=EDGE_CURVE('',#1725,#1726,#56,.T.);
#1379=EDGE_CURVE('',#1727,#1726,#57,.T.);
#1380=EDGE_CURVE('',#1727,#1728,#58,.T.);
#1381=EDGE_CURVE('',#1728,#1729,#59,.T.);
#1382=EDGE_CURVE('',#1729,#1730,#60,.T.);
#1383=EDGE_CURVE('',#1731,#1730,#61,.T.);
#1384=EDGE_CURVE('',#1731,#1732,#62,.T.);
#1385=EDGE_CURVE('',#1732,#1733,#63,.T.);
#1386=EDGE_CURVE('',#1733,#1724,#64,.T.);
#1387=EDGE_CURVE('',#1712,#1713,#65,.T.);
#1388=EDGE_CURVE('',#1734,#1734,#1946,.T.);
#1389=EDGE_CURVE('',#1735,#1735,#1947,.T.);
#1390=EDGE_CURVE('',#1729,#1736,#66,.T.);
#1391=EDGE_CURVE('',#1737,#1736,#67,.T.);
#1392=EDGE_CURVE('',#1737,#1730,#68,.T.);
#1393=EDGE_CURVE('',#1728,#1738,#69,.T.);
#1394=EDGE_CURVE('',#1736,#1738,#70,.T.);
#1395=EDGE_CURVE('',#1727,#1739,#71,.T.);
#1396=EDGE_CURVE('',#1738,#1739,#72,.T.);
#1397=EDGE_CURVE('',#1721,#1740,#73,.T.);
#1398=EDGE_CURVE('',#1741,#1740,#74,.T.);
#1399=EDGE_CURVE('',#1741,#1722,#75,.T.);
#1400=EDGE_CURVE('',#1720,#1742,#76,.T.);
#1401=EDGE_CURVE('',#1740,#1742,#77,.T.);
#1402=EDGE_CURVE('',#1719,#1743,#78,.T.);
#1403=EDGE_CURVE('',#1742,#1743,#79,.T.);
#1404=EDGE_CURVE('',#1718,#1744,#80,.T.);
#1405=EDGE_CURVE('',#1743,#1744,#81,.T.);
#1406=EDGE_CURVE('',#1745,#1731,#82,.T.);
#1407=EDGE_CURVE('',#1737,#1745,#83,.T.);
#1408=EDGE_CURVE('',#1726,#1746,#84,.T.);
#1409=EDGE_CURVE('',#1746,#1739,#85,.T.);
#1410=EDGE_CURVE('',#1746,#1747,#86,.T.);
#1411=EDGE_CURVE('',#1747,#1741,#87,.T.);
#1412=EDGE_CURVE('',#1744,#1745,#88,.T.);
#1413=EDGE_CURVE('',#1747,#1723,#89,.T.);
#1414=EDGE_CURVE('',#1748,#1748,#1948,.T.);
#1415=EDGE_CURVE('',#1749,#1749,#1949,.T.);
#1416=EDGE_CURVE('',#1750,#1750,#1950,.T.);
#1417=EDGE_CURVE('',#1751,#1751,#1951,.T.);
#1418=EDGE_CURVE('',#1715,#1752,#90,.T.);
#1419=EDGE_CURVE('',#1753,#1752,#91,.T.);
#1420=EDGE_CURVE('',#1716,#1753,#92,.T.);
#1421=EDGE_CURVE('',#1754,#1753,#93,.T.);
#1422=EDGE_CURVE('',#1717,#1754,#94,.T.);
#1423=EDGE_CURVE('',#1755,#1754,#95,.T.);
#1424=EDGE_CURVE('',#1732,#1755,#96,.T.);
#1425=EDGE_CURVE('',#1756,#1755,#97,.T.);
#1426=EDGE_CURVE('',#1733,#1756,#98,.T.);
#1427=EDGE_CURVE('',#1757,#1756,#99,.T.);
#1428=EDGE_CURVE('',#1724,#1757,#100,.T.);
#1429=EDGE_CURVE('',#1758,#1757,#101,.T.);
#1430=EDGE_CURVE('',#1725,#1758,#102,.T.);
#1431=EDGE_CURVE('',#1759,#1758,#103,.T.);
#1432=EDGE_CURVE('',#1714,#1759,#104,.T.);
#1433=EDGE_CURVE('',#1752,#1759,#105,.T.);
#1434=EDGE_CURVE('',#1760,#1760,#1952,.T.);
#1435=EDGE_CURVE('',#1761,#1761,#1953,.T.);
#1436=EDGE_CURVE('',#1762,#1762,#1954,.T.);
#1437=EDGE_CURVE('',#1763,#1763,#1955,.T.);
#1438=EDGE_CURVE('',#1764,#1765,#106,.T.);
#1439=EDGE_CURVE('',#1765,#1766,#107,.T.);
#1440=EDGE_CURVE('',#1766,#1767,#108,.T.);
#1441=EDGE_CURVE('',#1767,#1764,#109,.T.);
#1442=EDGE_CURVE('',#1768,#1769,#110,.T.);
#1443=EDGE_CURVE('',#1768,#1764,#111,.T.);
#1444=EDGE_CURVE('',#1769,#1767,#112,.T.);
#1445=EDGE_CURVE('',#1770,#1768,#113,.T.);
#1446=EDGE_CURVE('',#1770,#1765,#114,.T.);
#1447=EDGE_CURVE('',#1771,#1770,#115,.T.);
#1448=EDGE_CURVE('',#1771,#1766,#116,.T.);
#1449=EDGE_CURVE('',#1769,#1771,#117,.T.);
#1450=EDGE_CURVE('',#1772,#1773,#118,.T.);
#1451=EDGE_CURVE('',#1774,#1772,#119,.T.);
#1452=EDGE_CURVE('',#1774,#1775,#120,.T.);
#1453=EDGE_CURVE('',#1775,#1773,#121,.T.);
#1454=EDGE_CURVE('',#1776,#1777,#122,.T.);
#1455=EDGE_CURVE('',#1778,#1776,#123,.T.);
#1456=EDGE_CURVE('',#1775,#1778,#124,.T.);
#1457=EDGE_CURVE('',#1779,#1774,#125,.T.);
#1458=EDGE_CURVE('',#1780,#1779,#126,.T.);
#1459=EDGE_CURVE('',#1781,#1780,#127,.T.);
#1460=EDGE_CURVE('',#1782,#1781,#128,.T.);
#1461=EDGE_CURVE('',#1783,#1782,#129,.T.);
#1462=EDGE_CURVE('',#1784,#1783,#1956,.F.);
#1463=EDGE_CURVE('',#1777,#1784,#130,.T.);
#1464=EDGE_CURVE('',#1773,#1785,#131,.T.);
#1465=EDGE_CURVE('',#1778,#1785,#132,.T.);
#1466=EDGE_CURVE('',#1785,#1786,#133,.T.);
#1467=EDGE_CURVE('',#1786,#1787,#134,.T.);
#1468=EDGE_CURVE('',#1787,#1788,#135,.T.);
#1469=EDGE_CURVE('',#1788,#1789,#1957,.F.);
#1470=EDGE_CURVE('',#1789,#1790,#136,.T.);
#1471=EDGE_CURVE('',#1790,#1791,#137,.T.);
#1472=EDGE_CURVE('',#1791,#1792,#138,.T.);
#1473=EDGE_CURVE('',#1792,#1793,#139,.T.);
#1474=EDGE_CURVE('',#1793,#1772,#140,.T.);
#1475=EDGE_CURVE('',#1794,#1795,#141,.T.);
#1476=EDGE_CURVE('',#1796,#1795,#142,.T.);
#1477=EDGE_CURVE('',#1797,#1796,#143,.T.);
#1478=EDGE_CURVE('',#1797,#1794,#144,.T.);
#1479=EDGE_CURVE('',#1795,#1798,#145,.T.);
#1480=EDGE_CURVE('',#1799,#1798,#146,.T.);
#1481=EDGE_CURVE('',#1796,#1799,#147,.T.);
#1482=EDGE_CURVE('',#1800,#1801,#148,.T.);
#1483=EDGE_CURVE('',#1802,#1801,#149,.T.);
#1484=EDGE_CURVE('',#1803,#1802,#150,.T.);
#1485=EDGE_CURVE('',#1803,#1800,#151,.T.);
#1486=EDGE_CURVE('',#1801,#1794,#152,.T.);
#1487=EDGE_CURVE('',#1802,#1797,#153,.T.);
#1488=EDGE_CURVE('',#1798,#1804,#1958,.T.);
#1489=EDGE_CURVE('',#1805,#1804,#154,.T.);
#1490=EDGE_CURVE('',#1799,#1805,#1959,.T.);
#1491=EDGE_CURVE('',#1806,#1807,#155,.T.);
#1492=EDGE_CURVE('',#1808,#1807,#156,.T.);
#1493=EDGE_CURVE('',#1809,#1808,#157,.T.);
#1494=EDGE_CURVE('',#1809,#1806,#158,.T.);
#1495=EDGE_CURVE('',#1807,#1810,#159,.T.);
#1496=EDGE_CURVE('',#1811,#1810,#160,.T.);
#1497=EDGE_CURVE('',#1808,#1811,#161,.T.);
#1498=EDGE_CURVE('',#1812,#1813,#162,.T.);
#1499=EDGE_CURVE('',#1814,#1813,#163,.T.);
#1500=EDGE_CURVE('',#1815,#1814,#164,.T.);
#1501=EDGE_CURVE('',#1815,#1812,#165,.T.);
#1502=EDGE_CURVE('',#1813,#1806,#166,.T.);
#1503=EDGE_CURVE('',#1814,#1809,#167,.T.);
#1504=EDGE_CURVE('',#1810,#1816,#1960,.T.);
#1505=EDGE_CURVE('',#1817,#1816,#168,.T.);
#1506=EDGE_CURVE('',#1811,#1817,#1961,.T.);
#1507=EDGE_CURVE('',#1786,#1818,#169,.T.);
#1508=EDGE_CURVE('',#1819,#1818,#170,.T.);
#1509=EDGE_CURVE('',#1787,#1819,#171,.T.);
#1510=EDGE_CURVE('',#1820,#1819,#172,.T.);
#1511=EDGE_CURVE('',#1788,#1820,#173,.T.);
#1512=EDGE_CURVE('',#1821,#1820,#1962,.T.);
#1513=EDGE_CURVE('',#1789,#1821,#174,.T.);
#1514=EDGE_CURVE('',#1822,#1821,#175,.T.);
#1515=EDGE_CURVE('',#1790,#1822,#176,.T.);
#1516=EDGE_CURVE('',#1823,#1822,#177,.T.);
#1517=EDGE_CURVE('',#1791,#1823,#178,.T.);
#1518=EDGE_CURVE('',#1824,#1823,#179,.T.);
#1519=EDGE_CURVE('',#1792,#1824,#180,.T.);
#1520=EDGE_CURVE('',#1825,#1824,#181,.T.);
#1521=EDGE_CURVE('',#1793,#1825,#182,.T.);
#1522=EDGE_CURVE('',#1826,#1827,#183,.T.);
#1523=EDGE_CURVE('',#1828,#1827,#184,.T.);
#1524=EDGE_CURVE('',#1829,#1828,#185,.T.);
#1525=EDGE_CURVE('',#1826,#1829,#186,.T.);
#1526=EDGE_CURVE('',#1830,#1831,#187,.T.);
#1527=EDGE_CURVE('',#1830,#1768,#188,.T.);
#1528=EDGE_CURVE('',#1831,#1769,#189,.T.);
#1529=EDGE_CURVE('',#1832,#1830,#190,.T.);
#1530=EDGE_CURVE('',#1832,#1770,#191,.T.);
#1531=EDGE_CURVE('',#1833,#1832,#192,.T.);
#1532=EDGE_CURVE('',#1833,#1771,#193,.T.);
#1533=EDGE_CURVE('',#1831,#1833,#194,.T.);
#1534=EDGE_CURVE('',#1834,#1835,#195,.T.);
#1535=EDGE_CURVE('',#1835,#1836,#196,.T.);
#1536=EDGE_CURVE('',#1837,#1836,#197,.T.);
#1537=EDGE_CURVE('',#1834,#1837,#198,.T.);
#1538=EDGE_CURVE('',#1838,#1825,#199,.T.);
#1539=EDGE_CURVE('',#1839,#1838,#200,.T.);
#1540=EDGE_CURVE('',#1839,#1840,#201,.T.);
#1541=EDGE_CURVE('',#1840,#1779,#202,.T.);
#1542=EDGE_CURVE('',#1841,#1780,#203,.T.);
#1543=EDGE_CURVE('',#1840,#1841,#204,.T.);
#1544=EDGE_CURVE('',#1842,#1781,#205,.T.);
#1545=EDGE_CURVE('',#1841,#1842,#206,.T.);
#1546=EDGE_CURVE('',#1843,#1782,#207,.T.);
#1547=EDGE_CURVE('',#1842,#1843,#208,.T.);
#1548=EDGE_CURVE('',#1844,#1783,#209,.T.);
#1549=EDGE_CURVE('',#1843,#1844,#210,.T.);
#1550=EDGE_CURVE('',#1845,#1784,#211,.T.);
#1551=EDGE_CURVE('',#1844,#1845,#1963,.T.);
#1552=EDGE_CURVE('',#1846,#1777,#212,.T.);
#1553=EDGE_CURVE('',#1845,#1846,#213,.T.);
#1554=EDGE_CURVE('',#1847,#1776,#214,.T.);
#1555=EDGE_CURVE('',#1846,#1847,#215,.T.);
#1556=EDGE_CURVE('',#1847,#1848,#216,.T.);
#1557=EDGE_CURVE('',#1848,#1849,#217,.T.);
#1558=EDGE_CURVE('',#1818,#1849,#218,.T.);
#1559=EDGE_CURVE('',#1850,#1851,#1964,.T.);
#1560=EDGE_CURVE('',#1852,#1850,#219,.T.);
#1561=EDGE_CURVE('',#1852,#1853,#1965,.T.);
#1562=EDGE_CURVE('',#1853,#1851,#220,.T.);
#1563=EDGE_CURVE('',#1854,#1850,#221,.T.);
#1564=EDGE_CURVE('',#1855,#1854,#222,.T.);
#1565=EDGE_CURVE('',#1855,#1852,#223,.T.);
#1566=EDGE_CURVE('',#1856,#1854,#1966,.T.);
#1567=EDGE_CURVE('',#1857,#1856,#224,.T.);
#1568=EDGE_CURVE('',#1857,#1855,#1967,.T.);
#1569=EDGE_CURVE('',#1858,#1856,#225,.T.);
#1570=EDGE_CURVE('',#1859,#1858,#226,.T.);
#1571=EDGE_CURVE('',#1859,#1857,#227,.T.);
#1572=EDGE_CURVE('',#1860,#1861,#228,.T.);
#1573=EDGE_CURVE('',#1862,#1860,#229,.T.);
#1574=EDGE_CURVE('',#1862,#1863,#230,.T.);
#1575=EDGE_CURVE('',#1863,#1861,#231,.T.);
#1576=EDGE_CURVE('',#1864,#1860,#1968,.T.);
#1577=EDGE_CURVE('',#1865,#1864,#232,.T.);
#1578=EDGE_CURVE('',#1865,#1862,#1969,.T.);
#1579=EDGE_CURVE('',#1866,#1864,#233,.T.);
#1580=EDGE_CURVE('',#1867,#1866,#234,.T.);
#1581=EDGE_CURVE('',#1867,#1865,#235,.T.);
#1582=EDGE_CURVE('',#1868,#1866,#1970,.T.);
#1583=EDGE_CURVE('',#1869,#1868,#236,.T.);
#1584=EDGE_CURVE('',#1869,#1867,#1971,.T.);
#1585=EDGE_CURVE('',#1870,#1868,#237,.T.);
#1586=EDGE_CURVE('',#1871,#1870,#238,.T.);
#1587=EDGE_CURVE('',#1871,#1869,#239,.T.);
#1588=EDGE_CURVE('',#1872,#1870,#240,.T.);
#1589=EDGE_CURVE('',#1873,#1872,#241,.T.);
#1590=EDGE_CURVE('',#1873,#1871,#242,.T.);
#1591=EDGE_CURVE('',#1874,#1872,#243,.T.);
#1592=EDGE_CURVE('',#1875,#1874,#244,.T.);
#1593=EDGE_CURVE('',#1875,#1873,#245,.T.);
#1594=EDGE_CURVE('',#1851,#1874,#246,.T.);
#1595=EDGE_CURVE('',#1853,#1875,#247,.T.);
#1596=EDGE_CURVE('',#1876,#1877,#1972,.T.);
#1597=EDGE_CURVE('',#1878,#1876,#248,.T.);
#1598=EDGE_CURVE('',#1878,#1879,#1973,.T.);
#1599=EDGE_CURVE('',#1879,#1877,#249,.T.);
#1600=EDGE_CURVE('',#1880,#1876,#250,.T.);
#1601=EDGE_CURVE('',#1881,#1880,#251,.T.);
#1602=EDGE_CURVE('',#1881,#1878,#252,.T.);
#1603=EDGE_CURVE('',#1882,#1880,#1974,.T.);
#1604=EDGE_CURVE('',#1883,#1882,#253,.T.);
#1605=EDGE_CURVE('',#1883,#1881,#1975,.T.);
#1606=EDGE_CURVE('',#1884,#1885,#254,.T.);
#1607=EDGE_CURVE('',#1886,#1884,#255,.T.);
#1608=EDGE_CURVE('',#1886,#1887,#256,.T.);
#1609=EDGE_CURVE('',#1887,#1885,#257,.T.);
#1610=EDGE_CURVE('',#1888,#1884,#1976,.T.);
#1611=EDGE_CURVE('',#1889,#1888,#258,.T.);
#1612=EDGE_CURVE('',#1889,#1886,#1977,.T.);
#1613=EDGE_CURVE('',#1890,#1888,#259,.T.);
#1614=EDGE_CURVE('',#1891,#1890,#260,.T.);
#1615=EDGE_CURVE('',#1891,#1889,#261,.T.);
#1616=EDGE_CURVE('',#1892,#1890,#1978,.T.);
#1617=EDGE_CURVE('',#1893,#1892,#262,.T.);
#1618=EDGE_CURVE('',#1893,#1891,#1979,.T.);
#1619=EDGE_CURVE('',#1894,#1892,#263,.T.);
#1620=EDGE_CURVE('',#1895,#1894,#264,.T.);
#1621=EDGE_CURVE('',#1895,#1893,#265,.T.);
#1622=EDGE_CURVE('',#1896,#1894,#266,.T.);
#1623=EDGE_CURVE('',#1897,#1896,#267,.T.);
#1624=EDGE_CURVE('',#1897,#1895,#268,.T.);
#1625=EDGE_CURVE('',#1898,#1896,#269,.T.);
#1626=EDGE_CURVE('',#1899,#1898,#270,.T.);
#1627=EDGE_CURVE('',#1899,#1897,#271,.T.);
#1628=EDGE_CURVE('',#1877,#1898,#272,.T.);
#1629=EDGE_CURVE('',#1879,#1899,#273,.T.);
#1630=EDGE_CURVE('',#1900,#1882,#274,.T.);
#1631=EDGE_CURVE('',#1901,#1900,#275,.T.);
#1632=EDGE_CURVE('',#1901,#1883,#276,.T.);
#1633=EDGE_CURVE('',#1902,#1903,#277,.T.);
#1634=EDGE_CURVE('',#1904,#1902,#278,.T.);
#1635=EDGE_CURVE('',#1904,#1905,#279,.T.);
#1636=EDGE_CURVE('',#1905,#1903,#280,.T.);
#1637=EDGE_CURVE('',#1805,#1906,#281,.T.);
#1638=EDGE_CURVE('',#1906,#1907,#282,.T.);
#1639=EDGE_CURVE('',#1907,#1803,#283,.T.);
#1640=EDGE_CURVE('',#1908,#1800,#284,.T.);
#1641=EDGE_CURVE('',#1908,#1907,#285,.T.);
#1642=EDGE_CURVE('',#1909,#1908,#286,.T.);
#1643=EDGE_CURVE('',#1804,#1909,#287,.T.);
#1644=EDGE_CURVE('',#1906,#1909,#288,.T.);
#1645=EDGE_CURVE('',#1817,#1910,#289,.T.);
#1646=EDGE_CURVE('',#1910,#1911,#290,.T.);
#1647=EDGE_CURVE('',#1911,#1815,#291,.T.);
#1648=EDGE_CURVE('',#1912,#1812,#292,.T.);
#1649=EDGE_CURVE('',#1912,#1911,#293,.T.);
#1650=EDGE_CURVE('',#1913,#1912,#294,.T.);
#1651=EDGE_CURVE('',#1816,#1913,#295,.T.);
#1652=EDGE_CURVE('',#1910,#1913,#296,.T.);
#1653=EDGE_CURVE('',#1849,#1914,#297,.T.);
#1654=EDGE_CURVE('',#1848,#1915,#298,.T.);
#1655=EDGE_CURVE('',#1915,#1914,#299,.T.);
#1656=EDGE_CURVE('',#1916,#1826,#300,.T.);
#1657=EDGE_CURVE('',#1829,#1838,#301,.T.);
#1658=EDGE_CURVE('',#1914,#1916,#302,.T.);
#1659=EDGE_CURVE('',#1916,#1917,#303,.T.);
#1660=EDGE_CURVE('',#1827,#1917,#304,.T.);
#1661=EDGE_CURVE('',#1828,#1918,#305,.T.);
#1662=EDGE_CURVE('',#1918,#1917,#306,.T.);
#1663=EDGE_CURVE('',#1919,#1836,#307,.T.);
#1664=EDGE_CURVE('',#1835,#1839,#308,.T.);
#1665=EDGE_CURVE('',#1919,#1918,#309,.T.);
#1666=EDGE_CURVE('',#1920,#1837,#310,.T.);
#1667=EDGE_CURVE('',#1920,#1919,#311,.T.);
#1668=EDGE_CURVE('',#1921,#1834,#312,.T.);
#1669=EDGE_CURVE('',#1921,#1920,#313,.T.);
#1670=EDGE_CURVE('',#1915,#1921,#314,.T.);
#1671=EDGE_CURVE('',#1922,#1858,#315,.T.);
#1672=EDGE_CURVE('',#1922,#1923,#316,.T.);
#1673=EDGE_CURVE('',#1923,#1859,#317,.T.);
#1674=EDGE_CURVE('',#1924,#1923,#318,.T.);
#1675=EDGE_CURVE('',#1863,#1924,#319,.T.);
#1676=EDGE_CURVE('',#1861,#1925,#320,.T.);
#1677=EDGE_CURVE('',#1924,#1925,#321,.T.);
#1678=EDGE_CURVE('',#1925,#1922,#322,.T.);
#1679=EDGE_CURVE('',#1926,#1901,#323,.T.);
#1680=EDGE_CURVE('',#1927,#1926,#324,.T.);
#1681=EDGE_CURVE('',#1887,#1927,#325,.T.);
#1682=EDGE_CURVE('',#1885,#1928,#326,.T.);
#1683=EDGE_CURVE('',#1927,#1928,#327,.T.);
#1684=EDGE_CURVE('',#1928,#1929,#328,.T.);
#1685=EDGE_CURVE('',#1929,#1900,#329,.T.);
#1686=EDGE_CURVE('',#1929,#1926,#330,.T.);
#1687=EDGE_CURVE('',#1930,#1902,#331,.T.);
#1688=EDGE_CURVE('',#1930,#1931,#332,.T.);
#1689=EDGE_CURVE('',#1931,#1904,#333,.T.);
#1690=EDGE_CURVE('',#1905,#1932,#334,.T.);
#1691=EDGE_CURVE('',#1932,#1931,#335,.T.);
#1692=EDGE_CURVE('',#1903,#1933,#336,.T.);
#1693=EDGE_CURVE('',#1932,#1933,#337,.T.);
#1694=EDGE_CURVE('',#1933,#1930,#338,.T.);
#1695=EDGE_CURVE('',#1934,#1935,#339,.T.);
#1696=EDGE_CURVE('',#1936,#1934,#340,.T.);
#1697=EDGE_CURVE('',#1936,#1937,#341,.T.);
#1698=EDGE_CURVE('',#1935,#1937,#342,.T.);
#1699=EDGE_CURVE('',#1938,#1934,#343,.T.);
#1700=EDGE_CURVE('',#1939,#1938,#344,.T.);
#1701=EDGE_CURVE('',#1939,#1936,#345,.T.);
#1702=EDGE_CURVE('',#1935,#1940,#346,.T.);
#1703=EDGE_CURVE('',#1937,#1941,#347,.T.);
#1704=EDGE_CURVE('',#1941,#1940,#348,.T.);
#1705=EDGE_CURVE('',#1940,#1938,#349,.T.);
#1706=EDGE_CURVE('',#1941,#1939,#350,.T.);
#1707=VERTEX_POINT('',#4328);
#1708=VERTEX_POINT('',#4330);
#1709=VERTEX_POINT('',#4331);
#1710=VERTEX_POINT('',#4335);
#1711=VERTEX_POINT('',#4336);
#1712=VERTEX_POINT('',#4349);
#1713=VERTEX_POINT('',#4351);
#1714=VERTEX_POINT('',#4355);
#1715=VERTEX_POINT('',#4356);
#1716=VERTEX_POINT('',#4358);
#1717=VERTEX_POINT('',#4360);
#1718=VERTEX_POINT('',#4362);
#1719=VERTEX_POINT('',#4364);
#1720=VERTEX_POINT('',#4366);
#1721=VERTEX_POINT('',#4368);
#1722=VERTEX_POINT('',#4370);
#1723=VERTEX_POINT('',#4372);
#1724=VERTEX_POINT('',#4375);
#1725=VERTEX_POINT('',#4376);
#1726=VERTEX_POINT('',#4378);
#1727=VERTEX_POINT('',#4380);
#1728=VERTEX_POINT('',#4382);
#1729=VERTEX_POINT('',#4384);
#1730=VERTEX_POINT('',#4386);
#1731=VERTEX_POINT('',#4388);
#1732=VERTEX_POINT('',#4390);
#1733=VERTEX_POINT('',#4392);
#1734=VERTEX_POINT('',#4397);
#1735=VERTEX_POINT('',#4400);
#1736=VERTEX_POINT('',#4404);
#1737=VERTEX_POINT('',#4406);
#1738=VERTEX_POINT('',#4410);
#1739=VERTEX_POINT('',#4414);
#1740=VERTEX_POINT('',#4418);
#1741=VERTEX_POINT('',#4420);
#1742=VERTEX_POINT('',#4424);
#1743=VERTEX_POINT('',#4428);
#1744=VERTEX_POINT('',#4432);
#1745=VERTEX_POINT('',#4436);
#1746=VERTEX_POINT('',#4440);
#1747=VERTEX_POINT('',#4444);
#1748=VERTEX_POINT('',#4451);
#1749=VERTEX_POINT('',#4454);
#1750=VERTEX_POINT('',#4457);
#1751=VERTEX_POINT('',#4460);
#1752=VERTEX_POINT('',#4463);
#1753=VERTEX_POINT('',#4465);
#1754=VERTEX_POINT('',#4469);
#1755=VERTEX_POINT('',#4473);
#1756=VERTEX_POINT('',#4477);
#1757=VERTEX_POINT('',#4481);
#1758=VERTEX_POINT('',#4485);
#1759=VERTEX_POINT('',#4489);
#1760=VERTEX_POINT('',#4495);
#1761=VERTEX_POINT('',#4498);
#1762=VERTEX_POINT('',#4501);
#1763=VERTEX_POINT('',#4504);
#1764=VERTEX_POINT('',#4507);
#1765=VERTEX_POINT('',#4508);
#1766=VERTEX_POINT('',#4510);
#1767=VERTEX_POINT('',#4512);
#1768=VERTEX_POINT('',#4516);
#1769=VERTEX_POINT('',#4517);
#1770=VERTEX_POINT('',#4522);
#1771=VERTEX_POINT('',#4526);
#1772=VERTEX_POINT('',#4532);
#1773=VERTEX_POINT('',#4533);
#1774=VERTEX_POINT('',#4535);
#1775=VERTEX_POINT('',#4537);
#1776=VERTEX_POINT('',#4541);
#1777=VERTEX_POINT('',#4542);
#1778=VERTEX_POINT('',#4544);
#1779=VERTEX_POINT('',#4547);
#1780=VERTEX_POINT('',#4549);
#1781=VERTEX_POINT('',#4551);
#1782=VERTEX_POINT('',#4553);
#1783=VERTEX_POINT('',#4555);
#1784=VERTEX_POINT('',#4557);
#1785=VERTEX_POINT('',#4561);
#1786=VERTEX_POINT('',#4565);
#1787=VERTEX_POINT('',#4567);
#1788=VERTEX_POINT('',#4569);
#1789=VERTEX_POINT('',#4571);
#1790=VERTEX_POINT('',#4573);
#1791=VERTEX_POINT('',#4575);
#1792=VERTEX_POINT('',#4577);
#1793=VERTEX_POINT('',#4579);
#1794=VERTEX_POINT('',#4583);
#1795=VERTEX_POINT('',#4584);
#1796=VERTEX_POINT('',#4586);
#1797=VERTEX_POINT('',#4588);
#1798=VERTEX_POINT('',#4592);
#1799=VERTEX_POINT('',#4594);
#1800=VERTEX_POINT('',#4598);
#1801=VERTEX_POINT('',#4599);
#1802=VERTEX_POINT('',#4601);
#1803=VERTEX_POINT('',#4603);
#1804=VERTEX_POINT('',#4610);
#1805=VERTEX_POINT('',#4612);
#1806=VERTEX_POINT('',#4616);
#1807=VERTEX_POINT('',#4617);
#1808=VERTEX_POINT('',#4619);
#1809=VERTEX_POINT('',#4621);
#1810=VERTEX_POINT('',#4625);
#1811=VERTEX_POINT('',#4627);
#1812=VERTEX_POINT('',#4631);
#1813=VERTEX_POINT('',#4632);
#1814=VERTEX_POINT('',#4634);
#1815=VERTEX_POINT('',#4636);
#1816=VERTEX_POINT('',#4643);
#1817=VERTEX_POINT('',#4645);
#1818=VERTEX_POINT('',#4649);
#1819=VERTEX_POINT('',#4651);
#1820=VERTEX_POINT('',#4655);
#1821=VERTEX_POINT('',#4659);
#1822=VERTEX_POINT('',#4663);
#1823=VERTEX_POINT('',#4667);
#1824=VERTEX_POINT('',#4671);
#1825=VERTEX_POINT('',#4675);
#1826=VERTEX_POINT('',#4679);
#1827=VERTEX_POINT('',#4680);
#1828=VERTEX_POINT('',#4682);
#1829=VERTEX_POINT('',#4684);
#1830=VERTEX_POINT('',#4688);
#1831=VERTEX_POINT('',#4689);
#1832=VERTEX_POINT('',#4694);
#1833=VERTEX_POINT('',#4698);
#1834=VERTEX_POINT('',#4704);
#1835=VERTEX_POINT('',#4705);
#1836=VERTEX_POINT('',#4707);
#1837=VERTEX_POINT('',#4709);
#1838=VERTEX_POINT('',#4713);
#1839=VERTEX_POINT('',#4715);
#1840=VERTEX_POINT('',#4717);
#1841=VERTEX_POINT('',#4721);
#1842=VERTEX_POINT('',#4725);
#1843=VERTEX_POINT('',#4729);
#1844=VERTEX_POINT('',#4733);
#1845=VERTEX_POINT('',#4737);
#1846=VERTEX_POINT('',#4741);
#1847=VERTEX_POINT('',#4745);
#1848=VERTEX_POINT('',#4749);
#1849=VERTEX_POINT('',#4751);
#1850=VERTEX_POINT('',#4755);
#1851=VERTEX_POINT('',#4756);
#1852=VERTEX_POINT('',#4758);
#1853=VERTEX_POINT('',#4760);
#1854=VERTEX_POINT('',#4764);
#1855=VERTEX_POINT('',#4766);
#1856=VERTEX_POINT('',#4770);
#1857=VERTEX_POINT('',#4772);
#1858=VERTEX_POINT('',#4776);
#1859=VERTEX_POINT('',#4778);
#1860=VERTEX_POINT('',#4782);
#1861=VERTEX_POINT('',#4783);
#1862=VERTEX_POINT('',#4785);
#1863=VERTEX_POINT('',#4787);
#1864=VERTEX_POINT('',#4791);
#1865=VERTEX_POINT('',#4793);
#1866=VERTEX_POINT('',#4797);
#1867=VERTEX_POINT('',#4799);
#1868=VERTEX_POINT('',#4803);
#1869=VERTEX_POINT('',#4805);
#1870=VERTEX_POINT('',#4809);
#1871=VERTEX_POINT('',#4811);
#1872=VERTEX_POINT('',#4815);
#1873=VERTEX_POINT('',#4817);
#1874=VERTEX_POINT('',#4821);
#1875=VERTEX_POINT('',#4823);
#1876=VERTEX_POINT('',#4830);
#1877=VERTEX_POINT('',#4831);
#1878=VERTEX_POINT('',#4833);
#1879=VERTEX_POINT('',#4835);
#1880=VERTEX_POINT('',#4839);
#1881=VERTEX_POINT('',#4841);
#1882=VERTEX_POINT('',#4845);
#1883=VERTEX_POINT('',#4847);
#1884=VERTEX_POINT('',#4851);
#1885=VERTEX_POINT('',#4852);
#1886=VERTEX_POINT('',#4854);
#1887=VERTEX_POINT('',#4856);
#1888=VERTEX_POINT('',#4860);
#1889=VERTEX_POINT('',#4862);
#1890=VERTEX_POINT('',#4866);
#1891=VERTEX_POINT('',#4868);
#1892=VERTEX_POINT('',#4872);
#1893=VERTEX_POINT('',#4874);
#1894=VERTEX_POINT('',#4878);
#1895=VERTEX_POINT('',#4880);
#1896=VERTEX_POINT('',#4884);
#1897=VERTEX_POINT('',#4886);
#1898=VERTEX_POINT('',#4890);
#1899=VERTEX_POINT('',#4892);
#1900=VERTEX_POINT('',#4899);
#1901=VERTEX_POINT('',#4901);
#1902=VERTEX_POINT('',#4905);
#1903=VERTEX_POINT('',#4906);
#1904=VERTEX_POINT('',#4908);
#1905=VERTEX_POINT('',#4910);
#1906=VERTEX_POINT('',#4914);
#1907=VERTEX_POINT('',#4916);
#1908=VERTEX_POINT('',#4920);
#1909=VERTEX_POINT('',#4924);
#1910=VERTEX_POINT('',#4930);
#1911=VERTEX_POINT('',#4932);
#1912=VERTEX_POINT('',#4936);
#1913=VERTEX_POINT('',#4940);
#1914=VERTEX_POINT('',#4946);
#1915=VERTEX_POINT('',#4948);
#1916=VERTEX_POINT('',#4952);
#1917=VERTEX_POINT('',#4957);
#1918=VERTEX_POINT('',#4961);
#1919=VERTEX_POINT('',#4965);
#1920=VERTEX_POINT('',#4970);
#1921=VERTEX_POINT('',#4974);
#1922=VERTEX_POINT('',#4980);
#1923=VERTEX_POINT('',#4982);
#1924=VERTEX_POINT('',#4986);
#1925=VERTEX_POINT('',#4990);
#1926=VERTEX_POINT('',#4996);
#1927=VERTEX_POINT('',#4998);
#1928=VERTEX_POINT('',#5002);
#1929=VERTEX_POINT('',#5006);
#1930=VERTEX_POINT('',#5012);
#1931=VERTEX_POINT('',#5014);
#1932=VERTEX_POINT('',#5018);
#1933=VERTEX_POINT('',#5022);
#1934=VERTEX_POINT('',#5028);
#1935=VERTEX_POINT('',#5029);
#1936=VERTEX_POINT('',#5031);
#1937=VERTEX_POINT('',#5033);
#1938=VERTEX_POINT('',#5037);
#1939=VERTEX_POINT('',#5039);
#1940=VERTEX_POINT('',#5043);
#1941=VERTEX_POINT('',#5045);
#1942=CIRCLE('',#3496,2.27348477486354);
#1943=CIRCLE('',#3497,3.48670320347064);
#1944=CIRCLE('',#3499,3.75781839241571);
#1945=CIRCLE('',#3501,3.75781839241571);
#1946=CIRCLE('',#3504,2.09778670174032);
#1947=CIRCLE('',#3506,2.27348477486354);
#1948=CIRCLE('',#3520,0.394236366059033);
#1949=CIRCLE('',#3522,0.394236366059033);
#1950=CIRCLE('',#3524,0.394236366059033);
#1951=CIRCLE('',#3526,0.394236366059033);
#1952=CIRCLE('',#3536,0.394236366059033);
#1953=CIRCLE('',#3538,0.394236366059033);
#1954=CIRCLE('',#3540,0.394236366059033);
#1955=CIRCLE('',#3542,0.394236366059033);
#1956=CIRCLE('',#3550,0.504691243776605);
#1957=CIRCLE('',#3553,0.504691243776605);
#1958=CIRCLE('',#3559,0.598835821601285);
#1959=CIRCLE('',#3560,0.598835821601285);
#1960=CIRCLE('',#3566,0.598835821601285);
#1961=CIRCLE('',#3567,0.598835821601285);
#1962=CIRCLE('',#3571,0.504691243776605);
#1963=CIRCLE('',#3588,0.504691243776605);
#1964=CIRCLE('',#3593,0.221750639122677);
#1965=CIRCLE('',#3594,0.221750639122677);
#1966=CIRCLE('',#3597,0.239909587761671);
#1967=CIRCLE('',#3598,0.239909587761671);
#1968=CIRCLE('',#3602,0.528360910264912);
#1969=CIRCLE('',#3603,0.528360910264912);
#1970=CIRCLE('',#3606,0.685241736545082);
#1971=CIRCLE('',#3607,0.685241736545082);
#1972=CIRCLE('',#3613,0.221750639122677);
#1973=CIRCLE('',#3614,0.221750639122677);
#1974=CIRCLE('',#3617,0.239909587761671);
#1975=CIRCLE('',#3618,0.239909587761671);
#1976=CIRCLE('',#3621,0.528360910264912);
#1977=CIRCLE('',#3622,0.528360910264912);
#1978=CIRCLE('',#3625,0.685241736545082);
#1979=CIRCLE('',#3626,0.685241736545082);
#1980=EDGE_LOOP('',(#660));
#1981=EDGE_LOOP('',(#661,#662));
#1982=EDGE_LOOP('',(#663,#664,#665,#666));
#1983=EDGE_LOOP('',(#667,#668,#669,#670));
#1984=EDGE_LOOP('',(#671,#672,#673,#674,#675,#676,#677,#678,#679,#680));
#1985=EDGE_LOOP('',(#681,#682,#683,#684,#685,#686,#687,#688,#689,#690));
#1986=EDGE_LOOP('',(#691,#692));
#1987=EDGE_LOOP('',(#693));
#1988=EDGE_LOOP('',(#694));
#1989=EDGE_LOOP('',(#695));
#1990=EDGE_LOOP('',(#696));
#1991=EDGE_LOOP('',(#697));
#1992=EDGE_LOOP('',(#698,#699,#700,#701));
#1993=EDGE_LOOP('',(#702,#703,#704,#705));
#1994=EDGE_LOOP('',(#706,#707,#708,#709));
#1995=EDGE_LOOP('',(#710,#711,#712,#713));
#1996=EDGE_LOOP('',(#714,#715,#716,#717));
#1997=EDGE_LOOP('',(#718,#719,#720,#721));
#1998=EDGE_LOOP('',(#722,#723,#724,#725));
#1999=EDGE_LOOP('',(#726,#727,#728,#729));
#2000=EDGE_LOOP('',(#730,#731,#732,#733));
#2001=EDGE_LOOP('',(#734,#735,#736,#737,#738,#739,#740,#741,#742,#743,#744,
#745));
#2002=EDGE_LOOP('',(#746,#747,#748,#749));
#2003=EDGE_LOOP('',(#750));
#2004=EDGE_LOOP('',(#751));
#2005=EDGE_LOOP('',(#752));
#2006=EDGE_LOOP('',(#753));
#2007=EDGE_LOOP('',(#754,#755,#756,#757));
#2008=EDGE_LOOP('',(#758,#759,#760,#761));
#2009=EDGE_LOOP('',(#762,#763,#764,#765,#766,#767,#768,#769));
#2010=EDGE_LOOP('',(#770,#771,#772,#773));
#2011=EDGE_LOOP('',(#774,#775,#776,#777));
#2012=EDGE_LOOP('',(#778,#779,#780,#781));
#2013=EDGE_LOOP('',(#782,#783,#784,#785,#786,#787,#788,#789));
#2014=EDGE_LOOP('',(#790,#791,#792,#793));
#2015=EDGE_LOOP('',(#794));
#2016=EDGE_LOOP('',(#795));
#2017=EDGE_LOOP('',(#796));
#2018=EDGE_LOOP('',(#797));
#2019=EDGE_LOOP('',(#798));
#2020=EDGE_LOOP('',(#799));
#2021=EDGE_LOOP('',(#800));
#2022=EDGE_LOOP('',(#801));
#2023=EDGE_LOOP('',(#802,#803,#804,#805));
#2024=EDGE_LOOP('',(#806));
#2025=EDGE_LOOP('',(#807));
#2026=EDGE_LOOP('',(#808));
#2027=EDGE_LOOP('',(#809));
#2028=EDGE_LOOP('',(#810,#811,#812,#813,#814,#815,#816,#817));
#2029=EDGE_LOOP('',(#818,#819,#820,#821));
#2030=EDGE_LOOP('',(#822,#823,#824,#825));
#2031=EDGE_LOOP('',(#826,#827,#828,#829));
#2032=EDGE_LOOP('',(#830,#831,#832,#833));
#2033=EDGE_LOOP('',(#834,#835,#836,#837));
#2034=EDGE_LOOP('',(#838,#839,#840,#841,#842,#843,#844,#845,#846,#847,#848));
#2035=EDGE_LOOP('',(#849,#850,#851,#852));
#2036=EDGE_LOOP('',(#853,#854,#855,#856,#857,#858,#859,#860,#861,#862,#863));
#2037=EDGE_LOOP('',(#864,#865,#866,#867));
#2038=EDGE_LOOP('',(#868,#869,#870,#871));
#2039=EDGE_LOOP('',(#872,#873,#874,#875));
#2040=EDGE_LOOP('',(#876,#877,#878,#879));
#2041=EDGE_LOOP('',(#880,#881,#882,#883));
#2042=EDGE_LOOP('',(#884,#885,#886,#887));
#2043=EDGE_LOOP('',(#888,#889,#890,#891));
#2044=EDGE_LOOP('',(#892,#893,#894,#895));
#2045=EDGE_LOOP('',(#896,#897,#898,#899));
#2046=EDGE_LOOP('',(#900,#901,#902,#903));
#2047=EDGE_LOOP('',(#904,#905,#906,#907));
#2048=EDGE_LOOP('',(#908,#909,#910,#911));
#2049=EDGE_LOOP('',(#912,#913,#914,#915));
#2050=EDGE_LOOP('',(#916,#917,#918,#919));
#2051=EDGE_LOOP('',(#920,#921,#922,#923));
#2052=EDGE_LOOP('',(#924,#925,#926,#927));
#2053=EDGE_LOOP('',(#928,#929,#930,#931));
#2054=EDGE_LOOP('',(#932,#933,#934,#935));
#2055=EDGE_LOOP('',(#936,#937,#938,#939));
#2056=EDGE_LOOP('',(#940,#941,#942,#943));
#2057=EDGE_LOOP('',(#944,#945,#946,#947));
#2058=EDGE_LOOP('',(#948,#949,#950,#951));
#2059=EDGE_LOOP('',(#952,#953,#954,#955));
#2060=EDGE_LOOP('',(#956,#957,#958,#959,#960,#961,#962,#963));
#2061=EDGE_LOOP('',(#964,#965,#966,#967));
#2062=EDGE_LOOP('',(#968,#969,#970,#971));
#2063=EDGE_LOOP('',(#972,#973,#974,#975));
#2064=EDGE_LOOP('',(#976,#977,#978,#979));
#2065=EDGE_LOOP('',(#980,#981,#982,#983));
#2066=EDGE_LOOP('',(#984,#985,#986,#987));
#2067=EDGE_LOOP('',(#988,#989,#990,#991));
#2068=EDGE_LOOP('',(#992,#993,#994,#995,#996,#997,#998,#999));
#2069=EDGE_LOOP('',(#1000,#1001,#1002,#1003));
#2070=EDGE_LOOP('',(#1004,#1005,#1006,#1007));
#2071=EDGE_LOOP('',(#1008,#1009,#1010,#1011));
#2072=EDGE_LOOP('',(#1012,#1013,#1014,#1015));
#2073=EDGE_LOOP('',(#1016,#1017,#1018,#1019));
#2074=EDGE_LOOP('',(#1020,#1021,#1022,#1023));
#2075=EDGE_LOOP('',(#1024,#1025,#1026,#1027));
#2076=EDGE_LOOP('',(#1028,#1029,#1030,#1031));
#2077=EDGE_LOOP('',(#1032,#1033,#1034,#1035));
#2078=EDGE_LOOP('',(#1036,#1037,#1038,#1039));
#2079=EDGE_LOOP('',(#1040,#1041,#1042,#1043));
#2080=EDGE_LOOP('',(#1044,#1045,#1046,#1047));
#2081=EDGE_LOOP('',(#1048,#1049,#1050,#1051));
#2082=EDGE_LOOP('',(#1052,#1053,#1054,#1055));
#2083=EDGE_LOOP('',(#1056,#1057,#1058,#1059));
#2084=EDGE_LOOP('',(#1060,#1061,#1062,#1063));
#2085=EDGE_LOOP('',(#1064,#1065,#1066,#1067));
#2086=EDGE_LOOP('',(#1068,#1069,#1070,#1071));
#2087=EDGE_LOOP('',(#1072,#1073,#1074,#1075));
#2088=EDGE_LOOP('',(#1076,#1077,#1078,#1079));
#2089=EDGE_LOOP('',(#1080,#1081,#1082,#1083));
#2090=EDGE_LOOP('',(#1084,#1085,#1086,#1087));
#2091=EDGE_LOOP('',(#1088,#1089,#1090,#1091));
#2092=EDGE_LOOP('',(#1092,#1093,#1094,#1095));
#2093=EDGE_LOOP('',(#1096,#1097,#1098,#1099));
#2094=EDGE_LOOP('',(#1100,#1101,#1102,#1103,#1104,#1105,#1106,#1107));
#2095=EDGE_LOOP('',(#1108,#1109,#1110,#1111));
#2096=EDGE_LOOP('',(#1112,#1113,#1114,#1115,#1116,#1117,#1118,#1119));
#2097=EDGE_LOOP('',(#1120,#1121,#1122,#1123));
#2098=EDGE_LOOP('',(#1124,#1125,#1126,#1127,#1128,#1129,#1130,#1131));
#2099=EDGE_LOOP('',(#1132,#1133,#1134,#1135));
#2100=EDGE_LOOP('',(#1136,#1137,#1138,#1139,#1140,#1141,#1142,#1143));
#2101=EDGE_LOOP('',(#1144,#1145,#1146,#1147));
#2102=EDGE_LOOP('',(#1148,#1149,#1150,#1151));
#2103=EDGE_LOOP('',(#1152,#1153,#1154,#1155,#1156,#1157,#1158,#1159,#1160,
#1161,#1162,#1163,#1164,#1165));
#2104=EDGE_LOOP('',(#1166,#1167,#1168,#1169));
#2105=EDGE_LOOP('',(#1170,#1171,#1172,#1173));
#2106=EDGE_LOOP('',(#1174,#1175,#1176,#1177));
#2107=EDGE_LOOP('',(#1178,#1179,#1180,#1181,#1182,#1183,#1184,#1185));
#2108=EDGE_LOOP('',(#1186,#1187,#1188,#1189));
#2109=EDGE_LOOP('',(#1190,#1191,#1192,#1193));
#2110=EDGE_LOOP('',(#1194,#1195,#1196,#1197,#1198,#1199,#1200,#1201,#1202,
#1203,#1204,#1205,#1206,#1207));
#2111=EDGE_LOOP('',(#1208,#1209,#1210,#1211));
#2112=EDGE_LOOP('',(#1212,#1213,#1214,#1215,#1216,#1217,#1218,#1219,#1220,
#1221,#1222,#1223,#1224,#1225,#1226));
#2113=EDGE_LOOP('',(#1227,#1228,#1229,#1230));
#2114=EDGE_LOOP('',(#1231,#1232,#1233,#1234,#1235,#1236,#1237,#1238,#1239,
#1240,#1241,#1242,#1243,#1244,#1245));
#2115=EDGE_LOOP('',(#1246,#1247,#1248,#1249,#1250,#1251,#1252,#1253,#1254,
#1255,#1256,#1257,#1258,#1259,#1260));
#2116=EDGE_LOOP('',(#1261,#1262,#1263,#1264));
#2117=EDGE_LOOP('',(#1265,#1266,#1267,#1268,#1269,#1270,#1271,#1272,#1273,
#1274,#1275,#1276,#1277,#1278,#1279));
#2118=EDGE_LOOP('',(#1280,#1281,#1282,#1283));
#2119=EDGE_LOOP('',(#1284,#1285,#1286,#1287));
#2120=EDGE_LOOP('',(#1288,#1289,#1290,#1291));
#2121=EDGE_LOOP('',(#1292,#1293,#1294,#1295));
#2122=EDGE_LOOP('',(#1296,#1297,#1298,#1299));
#2123=EDGE_LOOP('',(#1300,#1301,#1302,#1303));
#2124=EDGE_LOOP('',(#1304,#1305,#1306,#1307));
#2125=EDGE_LOOP('',(#1308,#1309,#1310,#1311));
#2126=EDGE_LOOP('',(#1312,#1313,#1314,#1315));
#2127=EDGE_LOOP('',(#1316,#1317,#1318,#1319,#1320,#1321,#1322,#1323));
#2128=EDGE_LOOP('',(#1324,#1325,#1326,#1327));
#2129=EDGE_LOOP('',(#1328,#1329,#1330,#1331));
#2130=EDGE_LOOP('',(#1332,#1333,#1334,#1335));
#2131=EDGE_LOOP('',(#1336,#1337,#1338,#1339));
#2132=EDGE_LOOP('',(#1340,#1341,#1342,#1343));
#2133=EDGE_LOOP('',(#1344,#1345,#1346,#1347));
#2134=EDGE_LOOP('',(#1348,#1349,#1350,#1351));
#2135=EDGE_LOOP('',(#1352,#1353,#1354,#1355,#1356,#1357));
#2136=FACE_BOUND('',#1980,.T.);
#2137=FACE_BOUND('',#1981,.T.);
#2138=FACE_BOUND('',#1982,.T.);
#2139=FACE_BOUND('',#1983,.T.);
#2140=FACE_BOUND('',#1984,.T.);
#2141=FACE_BOUND('',#1985,.T.);
#2142=FACE_BOUND('',#1986,.T.);
#2143=FACE_BOUND('',#1987,.T.);
#2144=FACE_BOUND('',#1988,.T.);
#2145=FACE_BOUND('',#1989,.T.);
#2146=FACE_BOUND('',#1990,.T.);
#2147=FACE_BOUND('',#1991,.T.);
#2148=FACE_BOUND('',#1992,.T.);
#2149=FACE_BOUND('',#1993,.T.);
#2150=FACE_BOUND('',#1994,.T.);
#2151=FACE_BOUND('',#1995,.T.);
#2152=FACE_BOUND('',#1996,.T.);
#2153=FACE_BOUND('',#1997,.T.);
#2154=FACE_BOUND('',#1998,.T.);
#2155=FACE_BOUND('',#1999,.T.);
#2156=FACE_BOUND('',#2000,.T.);
#2157=FACE_BOUND('',#2001,.T.);
#2158=FACE_BOUND('',#2002,.T.);
#2159=FACE_BOUND('',#2003,.T.);
#2160=FACE_BOUND('',#2004,.T.);
#2161=FACE_BOUND('',#2005,.T.);
#2162=FACE_BOUND('',#2006,.T.);
#2163=FACE_BOUND('',#2007,.T.);
#2164=FACE_BOUND('',#2008,.T.);
#2165=FACE_BOUND('',#2009,.T.);
#2166=FACE_BOUND('',#2010,.T.);
#2167=FACE_BOUND('',#2011,.T.);
#2168=FACE_BOUND('',#2012,.T.);
#2169=FACE_BOUND('',#2013,.T.);
#2170=FACE_BOUND('',#2014,.T.);
#2171=FACE_BOUND('',#2015,.T.);
#2172=FACE_BOUND('',#2016,.T.);
#2173=FACE_BOUND('',#2017,.T.);
#2174=FACE_BOUND('',#2018,.T.);
#2175=FACE_BOUND('',#2019,.T.);
#2176=FACE_BOUND('',#2020,.T.);
#2177=FACE_BOUND('',#2021,.T.);
#2178=FACE_BOUND('',#2022,.T.);
#2179=FACE_BOUND('',#2023,.T.);
#2180=FACE_BOUND('',#2024,.T.);
#2181=FACE_BOUND('',#2025,.T.);
#2182=FACE_BOUND('',#2026,.T.);
#2183=FACE_BOUND('',#2027,.T.);
#2184=FACE_BOUND('',#2028,.T.);
#2185=FACE_BOUND('',#2029,.T.);
#2186=FACE_BOUND('',#2030,.T.);
#2187=FACE_BOUND('',#2031,.T.);
#2188=FACE_BOUND('',#2032,.T.);
#2189=FACE_BOUND('',#2033,.T.);
#2190=FACE_BOUND('',#2034,.T.);
#2191=FACE_BOUND('',#2035,.T.);
#2192=FACE_BOUND('',#2036,.T.);
#2193=FACE_BOUND('',#2037,.T.);
#2194=FACE_BOUND('',#2038,.T.);
#2195=FACE_BOUND('',#2039,.T.);
#2196=FACE_BOUND('',#2040,.T.);
#2197=FACE_BOUND('',#2041,.T.);
#2198=FACE_BOUND('',#2042,.T.);
#2199=FACE_BOUND('',#2043,.T.);
#2200=FACE_BOUND('',#2044,.T.);
#2201=FACE_BOUND('',#2045,.T.);
#2202=FACE_BOUND('',#2046,.T.);
#2203=FACE_BOUND('',#2047,.T.);
#2204=FACE_BOUND('',#2048,.T.);
#2205=FACE_BOUND('',#2049,.T.);
#2206=FACE_BOUND('',#2050,.T.);
#2207=FACE_BOUND('',#2051,.T.);
#2208=FACE_BOUND('',#2052,.T.);
#2209=FACE_BOUND('',#2053,.T.);
#2210=FACE_BOUND('',#2054,.T.);
#2211=FACE_BOUND('',#2055,.T.);
#2212=FACE_BOUND('',#2056,.T.);
#2213=FACE_BOUND('',#2057,.T.);
#2214=FACE_BOUND('',#2058,.T.);
#2215=FACE_BOUND('',#2059,.T.);
#2216=FACE_BOUND('',#2060,.T.);
#2217=FACE_BOUND('',#2061,.T.);
#2218=FACE_BOUND('',#2062,.T.);
#2219=FACE_BOUND('',#2063,.T.);
#2220=FACE_BOUND('',#2064,.T.);
#2221=FACE_BOUND('',#2065,.T.);
#2222=FACE_BOUND('',#2066,.T.);
#2223=FACE_BOUND('',#2067,.T.);
#2224=FACE_BOUND('',#2068,.T.);
#2225=FACE_BOUND('',#2069,.T.);
#2226=FACE_BOUND('',#2070,.T.);
#2227=FACE_BOUND('',#2071,.T.);
#2228=FACE_BOUND('',#2072,.T.);
#2229=FACE_BOUND('',#2073,.T.);
#2230=FACE_BOUND('',#2074,.T.);
#2231=FACE_BOUND('',#2075,.T.);
#2232=FACE_BOUND('',#2076,.T.);
#2233=FACE_BOUND('',#2077,.T.);
#2234=FACE_BOUND('',#2078,.T.);
#2235=FACE_BOUND('',#2079,.T.);
#2236=FACE_BOUND('',#2080,.T.);
#2237=FACE_BOUND('',#2081,.T.);
#2238=FACE_BOUND('',#2082,.T.);
#2239=FACE_BOUND('',#2083,.T.);
#2240=FACE_BOUND('',#2084,.T.);
#2241=FACE_BOUND('',#2085,.T.);
#2242=FACE_BOUND('',#2086,.T.);
#2243=FACE_BOUND('',#2087,.T.);
#2244=FACE_BOUND('',#2088,.T.);
#2245=FACE_BOUND('',#2089,.T.);
#2246=FACE_BOUND('',#2090,.T.);
#2247=FACE_BOUND('',#2091,.T.);
#2248=FACE_BOUND('',#2092,.T.);
#2249=FACE_BOUND('',#2093,.T.);
#2250=FACE_BOUND('',#2094,.T.);
#2251=FACE_BOUND('',#2095,.T.);
#2252=FACE_BOUND('',#2096,.T.);
#2253=FACE_BOUND('',#2097,.T.);
#2254=FACE_BOUND('',#2098,.T.);
#2255=FACE_BOUND('',#2099,.T.);
#2256=FACE_BOUND('',#2100,.T.);
#2257=FACE_BOUND('',#2101,.T.);
#2258=FACE_BOUND('',#2102,.T.);
#2259=FACE_BOUND('',#2103,.T.);
#2260=FACE_BOUND('',#2104,.T.);
#2261=FACE_BOUND('',#2105,.T.);
#2262=FACE_BOUND('',#2106,.T.);
#2263=FACE_BOUND('',#2107,.T.);
#2264=FACE_BOUND('',#2108,.T.);
#2265=FACE_BOUND('',#2109,.T.);
#2266=FACE_BOUND('',#2110,.T.);
#2267=FACE_BOUND('',#2111,.T.);
#2268=FACE_BOUND('',#2112,.T.);
#2269=FACE_BOUND('',#2113,.T.);
#2270=FACE_BOUND('',#2114,.T.);
#2271=FACE_BOUND('',#2115,.T.);
#2272=FACE_BOUND('',#2116,.T.);
#2273=FACE_BOUND('',#2117,.T.);
#2274=FACE_BOUND('',#2118,.T.);
#2275=FACE_BOUND('',#2119,.T.);
#2276=FACE_BOUND('',#2120,.T.);
#2277=FACE_BOUND('',#2121,.T.);
#2278=FACE_BOUND('',#2122,.T.);
#2279=FACE_BOUND('',#2123,.T.);
#2280=FACE_BOUND('',#2124,.T.);
#2281=FACE_BOUND('',#2125,.T.);
#2282=FACE_BOUND('',#2126,.T.);
#2283=FACE_BOUND('',#2127,.T.);
#2284=FACE_BOUND('',#2128,.T.);
#2285=FACE_BOUND('',#2129,.T.);
#2286=FACE_BOUND('',#2130,.T.);
#2287=FACE_BOUND('',#2131,.T.);
#2288=FACE_BOUND('',#2132,.T.);
#2289=FACE_BOUND('',#2133,.T.);
#2290=FACE_BOUND('',#2134,.T.);
#2291=FACE_BOUND('',#2135,.T.);
#2292=PLANE('',#3495);
#2293=PLANE('',#3502);
#2294=PLANE('',#3503);
#2295=PLANE('',#3508);
#2296=PLANE('',#3509);
#2297=PLANE('',#3510);
#2298=PLANE('',#3511);
#2299=PLANE('',#3512);
#2300=PLANE('',#3513);
#2301=PLANE('',#3514);
#2302=PLANE('',#3515);
#2303=PLANE('',#3516);
#2304=PLANE('',#3517);
#2305=PLANE('',#3518);
#2306=PLANE('',#3519);
#2307=PLANE('',#3521);
#2308=PLANE('',#3523);
#2309=PLANE('',#3525);
#2310=PLANE('',#3527);
#2311=PLANE('',#3528);
#2312=PLANE('',#3529);
#2313=PLANE('',#3530);
#2314=PLANE('',#3531);
#2315=PLANE('',#3532);
#2316=PLANE('',#3533);
#2317=PLANE('',#3534);
#2318=PLANE('',#3543);
#2319=PLANE('',#3544);
#2320=PLANE('',#3545);
#2321=PLANE('',#3546);
#2322=PLANE('',#3547);
#2323=PLANE('',#3548);
#2324=PLANE('',#3549);
#2325=PLANE('',#3551);
#2326=PLANE('',#3552);
#2327=PLANE('',#3554);
#2328=PLANE('',#3555);
#2329=PLANE('',#3556);
#2330=PLANE('',#3557);
#2331=PLANE('',#3561);
#2332=PLANE('',#3562);
#2333=PLANE('',#3563);
#2334=PLANE('',#3564);
#2335=PLANE('',#3568);
#2336=PLANE('',#3569);
#2337=PLANE('',#3572);
#2338=PLANE('',#3573);
#2339=PLANE('',#3574);
#2340=PLANE('',#3575);
#2341=PLANE('',#3576);
#2342=PLANE('',#3577);
#2343=PLANE('',#3578);
#2344=PLANE('',#3579);
#2345=PLANE('',#3580);
#2346=PLANE('',#3581);
#2347=PLANE('',#3582);
#2348=PLANE('',#3583);
#2349=PLANE('',#3584);
#2350=PLANE('',#3585);
#2351=PLANE('',#3586);
#2352=PLANE('',#3589);
#2353=PLANE('',#3590);
#2354=PLANE('',#3591);
#2355=PLANE('',#3595);
#2356=PLANE('',#3599);
#2357=PLANE('',#3600);
#2358=PLANE('',#3604);
#2359=PLANE('',#3608);
#2360=PLANE('',#3609);
#2361=PLANE('',#3610);
#2362=PLANE('',#3611);
#2363=PLANE('',#3615);
#2364=PLANE('',#3619);
#2365=PLANE('',#3623);
#2366=PLANE('',#3627);
#2367=PLANE('',#3628);
#2368=PLANE('',#3629);
#2369=PLANE('',#3630);
#2370=PLANE('',#3631);
#2371=PLANE('',#3632);
#2372=PLANE('',#3633);
#2373=PLANE('',#3634);
#2374=PLANE('',#3635);
#2375=PLANE('',#3636);
#2376=PLANE('',#3637);
#2377=PLANE('',#3638);
#2378=PLANE('',#3639);
#2379=PLANE('',#3640);
#2380=PLANE('',#3641);
#2381=PLANE('',#3642);
#2382=PLANE('',#3643);
#2383=PLANE('',#3644);
#2384=PLANE('',#3645);
#2385=PLANE('',#3646);
#2386=PLANE('',#3647);
#2387=PLANE('',#3648);
#2388=PLANE('',#3649);
#2389=PLANE('',#3650);
#2390=PLANE('',#3651);
#2391=PLANE('',#3652);
#2392=PLANE('',#3653);
#2393=PLANE('',#3654);
#2394=PLANE('',#3655);
#2395=PLANE('',#3656);
#2396=PLANE('',#3657);
#2397=PLANE('',#3658);
#2398=PLANE('',#3659);
#2399=PLANE('',#3660);
#2400=PLANE('',#3661);
#2401=PLANE('',#3662);
#2402=PLANE('',#3663);
#2403=PLANE('',#3664);
#2404=PLANE('',#3665);
#2405=PLANE('',#3666);
#2406=PLANE('',#3667);
#2407=STYLED_ITEM('',(#2542),#3355);
#2408=STYLED_ITEM('',(#2543),#3356);
#2409=STYLED_ITEM('',(#2544),#3357);
#2410=STYLED_ITEM('',(#2545),#3358);
#2411=STYLED_ITEM('',(#2546),#3359);
#2412=STYLED_ITEM('',(#2547),#3360);
#2413=STYLED_ITEM('',(#2548),#3361);
#2414=STYLED_ITEM('',(#2549),#3362);
#2415=STYLED_ITEM('',(#2550),#3363);
#2416=STYLED_ITEM('',(#2551),#3364);
#2417=STYLED_ITEM('',(#2552),#3365);
#2418=STYLED_ITEM('',(#2553),#3366);
#2419=STYLED_ITEM('',(#2554),#3367);
#2420=STYLED_ITEM('',(#2555),#3368);
#2421=STYLED_ITEM('',(#2556),#3369);
#2422=STYLED_ITEM('',(#2557),#3370);
#2423=STYLED_ITEM('',(#2558),#3371);
#2424=STYLED_ITEM('',(#2559),#3372);
#2425=STYLED_ITEM('',(#2560),#3373);
#2426=STYLED_ITEM('',(#2561),#3374);
#2427=STYLED_ITEM('',(#2562),#3375);
#2428=STYLED_ITEM('',(#2563),#3376);
#2429=STYLED_ITEM('',(#2564),#3377);
#2430=STYLED_ITEM('',(#2565),#3378);
#2431=STYLED_ITEM('',(#2566),#3379);
#2432=STYLED_ITEM('',(#2567),#3380);
#2433=STYLED_ITEM('',(#2568),#3381);
#2434=STYLED_ITEM('',(#2569),#3382);
#2435=STYLED_ITEM('',(#2570),#3383);
#2436=STYLED_ITEM('',(#2571),#3384);
#2437=STYLED_ITEM('',(#2572),#3385);
#2438=STYLED_ITEM('',(#2573),#3386);
#2439=STYLED_ITEM('',(#2574),#3387);
#2440=STYLED_ITEM('',(#2575),#3388);
#2441=STYLED_ITEM('',(#2576),#3389);
#2442=STYLED_ITEM('',(#2577),#3390);
#2443=STYLED_ITEM('',(#2578),#3391);
#2444=STYLED_ITEM('',(#2579),#3392);
#2445=STYLED_ITEM('',(#2580),#3393);
#2446=STYLED_ITEM('',(#2581),#3394);
#2447=STYLED_ITEM('',(#2582),#3395);
#2448=STYLED_ITEM('',(#2583),#3396);
#2449=STYLED_ITEM('',(#2584),#3397);
#2450=STYLED_ITEM('',(#2585),#3398);
#2451=STYLED_ITEM('',(#2586),#3399);
#2452=STYLED_ITEM('',(#2587),#3400);
#2453=STYLED_ITEM('',(#2588),#3401);
#2454=STYLED_ITEM('',(#2589),#3402);
#2455=STYLED_ITEM('',(#2590),#3403);
#2456=STYLED_ITEM('',(#2591),#3404);
#2457=STYLED_ITEM('',(#2592),#3405);
#2458=STYLED_ITEM('',(#2593),#3406);
#2459=STYLED_ITEM('',(#2594),#3407);
#2460=STYLED_ITEM('',(#2595),#3408);
#2461=STYLED_ITEM('',(#2596),#3409);
#2462=STYLED_ITEM('',(#2597),#3410);
#2463=STYLED_ITEM('',(#2598),#3411);
#2464=STYLED_ITEM('',(#2599),#3412);
#2465=STYLED_ITEM('',(#2600),#3413);
#2466=STYLED_ITEM('',(#2601),#3414);
#2467=STYLED_ITEM('',(#2602),#3415);
#2468=STYLED_ITEM('',(#2603),#3416);
#2469=STYLED_ITEM('',(#2604),#3417);
#2470=STYLED_ITEM('',(#2605),#3418);
#2471=STYLED_ITEM('',(#2606),#3419);
#2472=STYLED_ITEM('',(#2607),#3420);
#2473=STYLED_ITEM('',(#2608),#3421);
#2474=STYLED_ITEM('',(#2609),#3422);
#2475=STYLED_ITEM('',(#2610),#3423);
#2476=STYLED_ITEM('',(#2611),#3424);
#2477=STYLED_ITEM('',(#2612),#3425);
#2478=STYLED_ITEM('',(#2613),#3426);
#2479=STYLED_ITEM('',(#2614),#3427);
#2480=STYLED_ITEM('',(#2615),#3428);
#2481=STYLED_ITEM('',(#2616),#3429);
#2482=STYLED_ITEM('',(#2617),#3430);
#2483=STYLED_ITEM('',(#2618),#3431);
#2484=STYLED_ITEM('',(#2619),#3432);
#2485=STYLED_ITEM('',(#2620),#3433);
#2486=STYLED_ITEM('',(#2621),#3434);
#2487=STYLED_ITEM('',(#2622),#3435);
#2488=STYLED_ITEM('',(#2623),#3436);
#2489=STYLED_ITEM('',(#2624),#3437);
#2490=STYLED_ITEM('',(#2625),#3438);
#2491=STYLED_ITEM('',(#2626),#3439);
#2492=STYLED_ITEM('',(#2627),#3440);
#2493=STYLED_ITEM('',(#2628),#3441);
#2494=STYLED_ITEM('',(#2629),#3442);
#2495=STYLED_ITEM('',(#2630),#3443);
#2496=STYLED_ITEM('',(#2631),#3444);
#2497=STYLED_ITEM('',(#2632),#3445);
#2498=STYLED_ITEM('',(#2633),#3446);
#2499=STYLED_ITEM('',(#2634),#3447);
#2500=STYLED_ITEM('',(#2635),#3448);
#2501=STYLED_ITEM('',(#2636),#3449);
#2502=STYLED_ITEM('',(#2637),#3450);
#2503=STYLED_ITEM('',(#2638),#3451);
#2504=STYLED_ITEM('',(#2639),#3452);
#2505=STYLED_ITEM('',(#2640),#3453);
#2506=STYLED_ITEM('',(#2641),#3454);
#2507=STYLED_ITEM('',(#2642),#3455);
#2508=STYLED_ITEM('',(#2643),#3456);
#2509=STYLED_ITEM('',(#2644),#3457);
#2510=STYLED_ITEM('',(#2645),#3458);
#2511=STYLED_ITEM('',(#2646),#3459);
#2512=STYLED_ITEM('',(#2647),#3460);
#2513=STYLED_ITEM('',(#2648),#3461);
#2514=STYLED_ITEM('',(#2649),#3462);
#2515=STYLED_ITEM('',(#2650),#3463);
#2516=STYLED_ITEM('',(#2651),#3464);
#2517=STYLED_ITEM('',(#2652),#3465);
#2518=STYLED_ITEM('',(#2653),#3466);
#2519=STYLED_ITEM('',(#2654),#3467);
#2520=STYLED_ITEM('',(#2655),#3468);
#2521=STYLED_ITEM('',(#2656),#3469);
#2522=STYLED_ITEM('',(#2657),#3470);
#2523=STYLED_ITEM('',(#2658),#3471);
#2524=STYLED_ITEM('',(#2659),#3472);
#2525=STYLED_ITEM('',(#2660),#3473);
#2526=STYLED_ITEM('',(#2661),#3474);
#2527=STYLED_ITEM('',(#2662),#3475);
#2528=STYLED_ITEM('',(#2663),#3476);
#2529=STYLED_ITEM('',(#2664),#3477);
#2530=STYLED_ITEM('',(#2665),#3478);
#2531=STYLED_ITEM('',(#2666),#3479);
#2532=STYLED_ITEM('',(#2667),#3480);
#2533=STYLED_ITEM('',(#2668),#3481);
#2534=STYLED_ITEM('',(#2669),#3482);
#2535=STYLED_ITEM('',(#2670),#3483);
#2536=STYLED_ITEM('',(#2671),#3484);
#2537=STYLED_ITEM('',(#2672),#3485);
#2538=STYLED_ITEM('',(#2673),#3486);
#2539=STYLED_ITEM('',(#2674),#3487);
#2540=STYLED_ITEM('',(#2675),#3488);
#2541=STYLED_ITEM('',(#2676),#3489);
#2542=PRESENTATION_STYLE_ASSIGNMENT((#2677));
#2543=PRESENTATION_STYLE_ASSIGNMENT((#2678));
#2544=PRESENTATION_STYLE_ASSIGNMENT((#2679));
#2545=PRESENTATION_STYLE_ASSIGNMENT((#2680));
#2546=PRESENTATION_STYLE_ASSIGNMENT((#2681));
#2547=PRESENTATION_STYLE_ASSIGNMENT((#2682));
#2548=PRESENTATION_STYLE_ASSIGNMENT((#2683));
#2549=PRESENTATION_STYLE_ASSIGNMENT((#2684));
#2550=PRESENTATION_STYLE_ASSIGNMENT((#2685));
#2551=PRESENTATION_STYLE_ASSIGNMENT((#2686));
#2552=PRESENTATION_STYLE_ASSIGNMENT((#2687));
#2553=PRESENTATION_STYLE_ASSIGNMENT((#2688));
#2554=PRESENTATION_STYLE_ASSIGNMENT((#2689));
#2555=PRESENTATION_STYLE_ASSIGNMENT((#2690));
#2556=PRESENTATION_STYLE_ASSIGNMENT((#2691));
#2557=PRESENTATION_STYLE_ASSIGNMENT((#2692));
#2558=PRESENTATION_STYLE_ASSIGNMENT((#2693));
#2559=PRESENTATION_STYLE_ASSIGNMENT((#2694));
#2560=PRESENTATION_STYLE_ASSIGNMENT((#2695));
#2561=PRESENTATION_STYLE_ASSIGNMENT((#2696));
#2562=PRESENTATION_STYLE_ASSIGNMENT((#2697));
#2563=PRESENTATION_STYLE_ASSIGNMENT((#2698));
#2564=PRESENTATION_STYLE_ASSIGNMENT((#2699));
#2565=PRESENTATION_STYLE_ASSIGNMENT((#2700));
#2566=PRESENTATION_STYLE_ASSIGNMENT((#2701));
#2567=PRESENTATION_STYLE_ASSIGNMENT((#2702));
#2568=PRESENTATION_STYLE_ASSIGNMENT((#2703));
#2569=PRESENTATION_STYLE_ASSIGNMENT((#2704));
#2570=PRESENTATION_STYLE_ASSIGNMENT((#2705));
#2571=PRESENTATION_STYLE_ASSIGNMENT((#2706));
#2572=PRESENTATION_STYLE_ASSIGNMENT((#2707));
#2573=PRESENTATION_STYLE_ASSIGNMENT((#2708));
#2574=PRESENTATION_STYLE_ASSIGNMENT((#2709));
#2575=PRESENTATION_STYLE_ASSIGNMENT((#2710));
#2576=PRESENTATION_STYLE_ASSIGNMENT((#2711));
#2577=PRESENTATION_STYLE_ASSIGNMENT((#2712));
#2578=PRESENTATION_STYLE_ASSIGNMENT((#2713));
#2579=PRESENTATION_STYLE_ASSIGNMENT((#2714));
#2580=PRESENTATION_STYLE_ASSIGNMENT((#2715));
#2581=PRESENTATION_STYLE_ASSIGNMENT((#2716));
#2582=PRESENTATION_STYLE_ASSIGNMENT((#2717));
#2583=PRESENTATION_STYLE_ASSIGNMENT((#2718));
#2584=PRESENTATION_STYLE_ASSIGNMENT((#2719));
#2585=PRESENTATION_STYLE_ASSIGNMENT((#2720));
#2586=PRESENTATION_STYLE_ASSIGNMENT((#2721));
#2587=PRESENTATION_STYLE_ASSIGNMENT((#2722));
#2588=PRESENTATION_STYLE_ASSIGNMENT((#2723));
#2589=PRESENTATION_STYLE_ASSIGNMENT((#2724));
#2590=PRESENTATION_STYLE_ASSIGNMENT((#2725));
#2591=PRESENTATION_STYLE_ASSIGNMENT((#2726));
#2592=PRESENTATION_STYLE_ASSIGNMENT((#2727));
#2593=PRESENTATION_STYLE_ASSIGNMENT((#2728));
#2594=PRESENTATION_STYLE_ASSIGNMENT((#2729));
#2595=PRESENTATION_STYLE_ASSIGNMENT((#2730));
#2596=PRESENTATION_STYLE_ASSIGNMENT((#2731));
#2597=PRESENTATION_STYLE_ASSIGNMENT((#2732));
#2598=PRESENTATION_STYLE_ASSIGNMENT((#2733));
#2599=PRESENTATION_STYLE_ASSIGNMENT((#2734));
#2600=PRESENTATION_STYLE_ASSIGNMENT((#2735));
#2601=PRESENTATION_STYLE_ASSIGNMENT((#2736));
#2602=PRESENTATION_STYLE_ASSIGNMENT((#2737));
#2603=PRESENTATION_STYLE_ASSIGNMENT((#2738));
#2604=PRESENTATION_STYLE_ASSIGNMENT((#2739));
#2605=PRESENTATION_STYLE_ASSIGNMENT((#2740));
#2606=PRESENTATION_STYLE_ASSIGNMENT((#2741));
#2607=PRESENTATION_STYLE_ASSIGNMENT((#2742));
#2608=PRESENTATION_STYLE_ASSIGNMENT((#2743));
#2609=PRESENTATION_STYLE_ASSIGNMENT((#2744));
#2610=PRESENTATION_STYLE_ASSIGNMENT((#2745));
#2611=PRESENTATION_STYLE_ASSIGNMENT((#2746));
#2612=PRESENTATION_STYLE_ASSIGNMENT((#2747));
#2613=PRESENTATION_STYLE_ASSIGNMENT((#2748));
#2614=PRESENTATION_STYLE_ASSIGNMENT((#2749));
#2615=PRESENTATION_STYLE_ASSIGNMENT((#2750));
#2616=PRESENTATION_STYLE_ASSIGNMENT((#2751));
#2617=PRESENTATION_STYLE_ASSIGNMENT((#2752));
#2618=PRESENTATION_STYLE_ASSIGNMENT((#2753));
#2619=PRESENTATION_STYLE_ASSIGNMENT((#2754));
#2620=PRESENTATION_STYLE_ASSIGNMENT((#2755));
#2621=PRESENTATION_STYLE_ASSIGNMENT((#2756));
#2622=PRESENTATION_STYLE_ASSIGNMENT((#2757));
#2623=PRESENTATION_STYLE_ASSIGNMENT((#2758));
#2624=PRESENTATION_STYLE_ASSIGNMENT((#2759));
#2625=PRESENTATION_STYLE_ASSIGNMENT((#2760));
#2626=PRESENTATION_STYLE_ASSIGNMENT((#2761));
#2627=PRESENTATION_STYLE_ASSIGNMENT((#2762));
#2628=PRESENTATION_STYLE_ASSIGNMENT((#2763));
#2629=PRESENTATION_STYLE_ASSIGNMENT((#2764));
#2630=PRESENTATION_STYLE_ASSIGNMENT((#2765));
#2631=PRESENTATION_STYLE_ASSIGNMENT((#2766));
#2632=PRESENTATION_STYLE_ASSIGNMENT((#2767));
#2633=PRESENTATION_STYLE_ASSIGNMENT((#2768));
#2634=PRESENTATION_STYLE_ASSIGNMENT((#2769));
#2635=PRESENTATION_STYLE_ASSIGNMENT((#2770));
#2636=PRESENTATION_STYLE_ASSIGNMENT((#2771));
#2637=PRESENTATION_STYLE_ASSIGNMENT((#2772));
#2638=PRESENTATION_STYLE_ASSIGNMENT((#2773));
#2639=PRESENTATION_STYLE_ASSIGNMENT((#2774));
#2640=PRESENTATION_STYLE_ASSIGNMENT((#2775));
#2641=PRESENTATION_STYLE_ASSIGNMENT((#2776));
#2642=PRESENTATION_STYLE_ASSIGNMENT((#2777));
#2643=PRESENTATION_STYLE_ASSIGNMENT((#2778));
#2644=PRESENTATION_STYLE_ASSIGNMENT((#2779));
#2645=PRESENTATION_STYLE_ASSIGNMENT((#2780));
#2646=PRESENTATION_STYLE_ASSIGNMENT((#2781));
#2647=PRESENTATION_STYLE_ASSIGNMENT((#2782));
#2648=PRESENTATION_STYLE_ASSIGNMENT((#2783));
#2649=PRESENTATION_STYLE_ASSIGNMENT((#2784));
#2650=PRESENTATION_STYLE_ASSIGNMENT((#2785));
#2651=PRESENTATION_STYLE_ASSIGNMENT((#2786));
#2652=PRESENTATION_STYLE_ASSIGNMENT((#2787));
#2653=PRESENTATION_STYLE_ASSIGNMENT((#2788));
#2654=PRESENTATION_STYLE_ASSIGNMENT((#2789));
#2655=PRESENTATION_STYLE_ASSIGNMENT((#2790));
#2656=PRESENTATION_STYLE_ASSIGNMENT((#2791));
#2657=PRESENTATION_STYLE_ASSIGNMENT((#2792));
#2658=PRESENTATION_STYLE_ASSIGNMENT((#2793));
#2659=PRESENTATION_STYLE_ASSIGNMENT((#2794));
#2660=PRESENTATION_STYLE_ASSIGNMENT((#2795));
#2661=PRESENTATION_STYLE_ASSIGNMENT((#2796));
#2662=PRESENTATION_STYLE_ASSIGNMENT((#2797));
#2663=PRESENTATION_STYLE_ASSIGNMENT((#2798));
#2664=PRESENTATION_STYLE_ASSIGNMENT((#2799));
#2665=PRESENTATION_STYLE_ASSIGNMENT((#2800));
#2666=PRESENTATION_STYLE_ASSIGNMENT((#2801));
#2667=PRESENTATION_STYLE_ASSIGNMENT((#2802));
#2668=PRESENTATION_STYLE_ASSIGNMENT((#2803));
#2669=PRESENTATION_STYLE_ASSIGNMENT((#2804));
#2670=PRESENTATION_STYLE_ASSIGNMENT((#2805));
#2671=PRESENTATION_STYLE_ASSIGNMENT((#2806));
#2672=PRESENTATION_STYLE_ASSIGNMENT((#2807));
#2673=PRESENTATION_STYLE_ASSIGNMENT((#2808));
#2674=PRESENTATION_STYLE_ASSIGNMENT((#2809));
#2675=PRESENTATION_STYLE_ASSIGNMENT((#2810));
#2676=PRESENTATION_STYLE_ASSIGNMENT((#2811));
#2677=SURFACE_STYLE_USAGE(.BOTH.,#2812);
#2678=SURFACE_STYLE_USAGE(.BOTH.,#2813);
#2679=SURFACE_STYLE_USAGE(.BOTH.,#2814);
#2680=SURFACE_STYLE_USAGE(.BOTH.,#2815);
#2681=SURFACE_STYLE_USAGE(.BOTH.,#2816);
#2682=SURFACE_STYLE_USAGE(.BOTH.,#2817);
#2683=SURFACE_STYLE_USAGE(.BOTH.,#2818);
#2684=SURFACE_STYLE_USAGE(.BOTH.,#2819);
#2685=SURFACE_STYLE_USAGE(.BOTH.,#2820);
#2686=SURFACE_STYLE_USAGE(.BOTH.,#2821);
#2687=SURFACE_STYLE_USAGE(.BOTH.,#2822);
#2688=SURFACE_STYLE_USAGE(.BOTH.,#2823);
#2689=SURFACE_STYLE_USAGE(.BOTH.,#2824);
#2690=SURFACE_STYLE_USAGE(.BOTH.,#2825);
#2691=SURFACE_STYLE_USAGE(.BOTH.,#2826);
#2692=SURFACE_STYLE_USAGE(.BOTH.,#2827);
#2693=SURFACE_STYLE_USAGE(.BOTH.,#2828);
#2694=SURFACE_STYLE_USAGE(.BOTH.,#2829);
#2695=SURFACE_STYLE_USAGE(.BOTH.,#2830);
#2696=SURFACE_STYLE_USAGE(.BOTH.,#2831);
#2697=SURFACE_STYLE_USAGE(.BOTH.,#2832);
#2698=SURFACE_STYLE_USAGE(.BOTH.,#2833);
#2699=SURFACE_STYLE_USAGE(.BOTH.,#2834);
#2700=SURFACE_STYLE_USAGE(.BOTH.,#2835);
#2701=SURFACE_STYLE_USAGE(.BOTH.,#2836);
#2702=SURFACE_STYLE_USAGE(.BOTH.,#2837);
#2703=SURFACE_STYLE_USAGE(.BOTH.,#2838);
#2704=SURFACE_STYLE_USAGE(.BOTH.,#2839);
#2705=SURFACE_STYLE_USAGE(.BOTH.,#2840);
#2706=SURFACE_STYLE_USAGE(.BOTH.,#2841);
#2707=SURFACE_STYLE_USAGE(.BOTH.,#2842);
#2708=SURFACE_STYLE_USAGE(.BOTH.,#2843);
#2709=SURFACE_STYLE_USAGE(.BOTH.,#2844);
#2710=SURFACE_STYLE_USAGE(.BOTH.,#2845);
#2711=SURFACE_STYLE_USAGE(.BOTH.,#2846);
#2712=SURFACE_STYLE_USAGE(.BOTH.,#2847);
#2713=SURFACE_STYLE_USAGE(.BOTH.,#2848);
#2714=SURFACE_STYLE_USAGE(.BOTH.,#2849);
#2715=SURFACE_STYLE_USAGE(.BOTH.,#2850);
#2716=SURFACE_STYLE_USAGE(.BOTH.,#2851);
#2717=SURFACE_STYLE_USAGE(.BOTH.,#2852);
#2718=SURFACE_STYLE_USAGE(.BOTH.,#2853);
#2719=SURFACE_STYLE_USAGE(.BOTH.,#2854);
#2720=SURFACE_STYLE_USAGE(.BOTH.,#2855);
#2721=SURFACE_STYLE_USAGE(.BOTH.,#2856);
#2722=SURFACE_STYLE_USAGE(.BOTH.,#2857);
#2723=SURFACE_STYLE_USAGE(.BOTH.,#2858);
#2724=SURFACE_STYLE_USAGE(.BOTH.,#2859);
#2725=SURFACE_STYLE_USAGE(.BOTH.,#2860);
#2726=SURFACE_STYLE_USAGE(.BOTH.,#2861);
#2727=SURFACE_STYLE_USAGE(.BOTH.,#2862);
#2728=SURFACE_STYLE_USAGE(.BOTH.,#2863);
#2729=SURFACE_STYLE_USAGE(.BOTH.,#2864);
#2730=SURFACE_STYLE_USAGE(.BOTH.,#2865);
#2731=SURFACE_STYLE_USAGE(.BOTH.,#2866);
#2732=SURFACE_STYLE_USAGE(.BOTH.,#2867);
#2733=SURFACE_STYLE_USAGE(.BOTH.,#2868);
#2734=SURFACE_STYLE_USAGE(.BOTH.,#2869);
#2735=SURFACE_STYLE_USAGE(.BOTH.,#2870);
#2736=SURFACE_STYLE_USAGE(.BOTH.,#2871);
#2737=SURFACE_STYLE_USAGE(.BOTH.,#2872);
#2738=SURFACE_STYLE_USAGE(.BOTH.,#2873);
#2739=SURFACE_STYLE_USAGE(.BOTH.,#2874);
#2740=SURFACE_STYLE_USAGE(.BOTH.,#2875);
#2741=SURFACE_STYLE_USAGE(.BOTH.,#2876);
#2742=SURFACE_STYLE_USAGE(.BOTH.,#2877);
#2743=SURFACE_STYLE_USAGE(.BOTH.,#2878);
#2744=SURFACE_STYLE_USAGE(.BOTH.,#2879);
#2745=SURFACE_STYLE_USAGE(.BOTH.,#2880);
#2746=SURFACE_STYLE_USAGE(.BOTH.,#2881);
#2747=SURFACE_STYLE_USAGE(.BOTH.,#2882);
#2748=SURFACE_STYLE_USAGE(.BOTH.,#2883);
#2749=SURFACE_STYLE_USAGE(.BOTH.,#2884);
#2750=SURFACE_STYLE_USAGE(.BOTH.,#2885);
#2751=SURFACE_STYLE_USAGE(.BOTH.,#2886);
#2752=SURFACE_STYLE_USAGE(.BOTH.,#2887);
#2753=SURFACE_STYLE_USAGE(.BOTH.,#2888);
#2754=SURFACE_STYLE_USAGE(.BOTH.,#2889);
#2755=SURFACE_STYLE_USAGE(.BOTH.,#2890);
#2756=SURFACE_STYLE_USAGE(.BOTH.,#2891);
#2757=SURFACE_STYLE_USAGE(.BOTH.,#2892);
#2758=SURFACE_STYLE_USAGE(.BOTH.,#2893);
#2759=SURFACE_STYLE_USAGE(.BOTH.,#2894);
#2760=SURFACE_STYLE_USAGE(.BOTH.,#2895);
#2761=SURFACE_STYLE_USAGE(.BOTH.,#2896);
#2762=SURFACE_STYLE_USAGE(.BOTH.,#2897);
#2763=SURFACE_STYLE_USAGE(.BOTH.,#2898);
#2764=SURFACE_STYLE_USAGE(.BOTH.,#2899);
#2765=SURFACE_STYLE_USAGE(.BOTH.,#2900);
#2766=SURFACE_STYLE_USAGE(.BOTH.,#2901);
#2767=SURFACE_STYLE_USAGE(.BOTH.,#2902);
#2768=SURFACE_STYLE_USAGE(.BOTH.,#2903);
#2769=SURFACE_STYLE_USAGE(.BOTH.,#2904);
#2770=SURFACE_STYLE_USAGE(.BOTH.,#2905);
#2771=SURFACE_STYLE_USAGE(.BOTH.,#2906);
#2772=SURFACE_STYLE_USAGE(.BOTH.,#2907);
#2773=SURFACE_STYLE_USAGE(.BOTH.,#2908);
#2774=SURFACE_STYLE_USAGE(.BOTH.,#2909);
#2775=SURFACE_STYLE_USAGE(.BOTH.,#2910);
#2776=SURFACE_STYLE_USAGE(.BOTH.,#2911);
#2777=SURFACE_STYLE_USAGE(.BOTH.,#2912);
#2778=SURFACE_STYLE_USAGE(.BOTH.,#2913);
#2779=SURFACE_STYLE_USAGE(.BOTH.,#2914);
#2780=SURFACE_STYLE_USAGE(.BOTH.,#2915);
#2781=SURFACE_STYLE_USAGE(.BOTH.,#2916);
#2782=SURFACE_STYLE_USAGE(.BOTH.,#2917);
#2783=SURFACE_STYLE_USAGE(.BOTH.,#2918);
#2784=SURFACE_STYLE_USAGE(.BOTH.,#2919);
#2785=SURFACE_STYLE_USAGE(.BOTH.,#2920);
#2786=SURFACE_STYLE_USAGE(.BOTH.,#2921);
#2787=SURFACE_STYLE_USAGE(.BOTH.,#2922);
#2788=SURFACE_STYLE_USAGE(.BOTH.,#2923);
#2789=SURFACE_STYLE_USAGE(.BOTH.,#2924);
#2790=SURFACE_STYLE_USAGE(.BOTH.,#2925);
#2791=SURFACE_STYLE_USAGE(.BOTH.,#2926);
#2792=SURFACE_STYLE_USAGE(.BOTH.,#2927);
#2793=SURFACE_STYLE_USAGE(.BOTH.,#2928);
#2794=SURFACE_STYLE_USAGE(.BOTH.,#2929);
#2795=SURFACE_STYLE_USAGE(.BOTH.,#2930);
#2796=SURFACE_STYLE_USAGE(.BOTH.,#2931);
#2797=SURFACE_STYLE_USAGE(.BOTH.,#2932);
#2798=SURFACE_STYLE_USAGE(.BOTH.,#2933);
#2799=SURFACE_STYLE_USAGE(.BOTH.,#2934);
#2800=SURFACE_STYLE_USAGE(.BOTH.,#2935);
#2801=SURFACE_STYLE_USAGE(.BOTH.,#2936);
#2802=SURFACE_STYLE_USAGE(.BOTH.,#2937);
#2803=SURFACE_STYLE_USAGE(.BOTH.,#2938);
#2804=SURFACE_STYLE_USAGE(.BOTH.,#2939);
#2805=SURFACE_STYLE_USAGE(.BOTH.,#2940);
#2806=SURFACE_STYLE_USAGE(.BOTH.,#2941);
#2807=SURFACE_STYLE_USAGE(.BOTH.,#2942);
#2808=SURFACE_STYLE_USAGE(.BOTH.,#2943);
#2809=SURFACE_STYLE_USAGE(.BOTH.,#2944);
#2810=SURFACE_STYLE_USAGE(.BOTH.,#2945);
#2811=SURFACE_STYLE_USAGE(.BOTH.,#2946);
#2812=SURFACE_SIDE_STYLE('',(#2947));
#2813=SURFACE_SIDE_STYLE('',(#2948));
#2814=SURFACE_SIDE_STYLE('',(#2949));
#2815=SURFACE_SIDE_STYLE('',(#2950));
#2816=SURFACE_SIDE_STYLE('',(#2951));
#2817=SURFACE_SIDE_STYLE('',(#2952));
#2818=SURFACE_SIDE_STYLE('',(#2953));
#2819=SURFACE_SIDE_STYLE('',(#2954));
#2820=SURFACE_SIDE_STYLE('',(#2955));
#2821=SURFACE_SIDE_STYLE('',(#2956));
#2822=SURFACE_SIDE_STYLE('',(#2957));
#2823=SURFACE_SIDE_STYLE('',(#2958));
#2824=SURFACE_SIDE_STYLE('',(#2959));
#2825=SURFACE_SIDE_STYLE('',(#2960));
#2826=SURFACE_SIDE_STYLE('',(#2961));
#2827=SURFACE_SIDE_STYLE('',(#2962));
#2828=SURFACE_SIDE_STYLE('',(#2963));
#2829=SURFACE_SIDE_STYLE('',(#2964));
#2830=SURFACE_SIDE_STYLE('',(#2965));
#2831=SURFACE_SIDE_STYLE('',(#2966));
#2832=SURFACE_SIDE_STYLE('',(#2967));
#2833=SURFACE_SIDE_STYLE('',(#2968));
#2834=SURFACE_SIDE_STYLE('',(#2969));
#2835=SURFACE_SIDE_STYLE('',(#2970));
#2836=SURFACE_SIDE_STYLE('',(#2971));
#2837=SURFACE_SIDE_STYLE('',(#2972));
#2838=SURFACE_SIDE_STYLE('',(#2973));
#2839=SURFACE_SIDE_STYLE('',(#2974));
#2840=SURFACE_SIDE_STYLE('',(#2975));
#2841=SURFACE_SIDE_STYLE('',(#2976));
#2842=SURFACE_SIDE_STYLE('',(#2977));
#2843=SURFACE_SIDE_STYLE('',(#2978));
#2844=SURFACE_SIDE_STYLE('',(#2979));
#2845=SURFACE_SIDE_STYLE('',(#2980));
#2846=SURFACE_SIDE_STYLE('',(#2981));
#2847=SURFACE_SIDE_STYLE('',(#2982));
#2848=SURFACE_SIDE_STYLE('',(#2983));
#2849=SURFACE_SIDE_STYLE('',(#2984));
#2850=SURFACE_SIDE_STYLE('',(#2985));
#2851=SURFACE_SIDE_STYLE('',(#2986));
#2852=SURFACE_SIDE_STYLE('',(#2987));
#2853=SURFACE_SIDE_STYLE('',(#2988));
#2854=SURFACE_SIDE_STYLE('',(#2989));
#2855=SURFACE_SIDE_STYLE('',(#2990));
#2856=SURFACE_SIDE_STYLE('',(#2991));
#2857=SURFACE_SIDE_STYLE('',(#2992));
#2858=SURFACE_SIDE_STYLE('',(#2993));
#2859=SURFACE_SIDE_STYLE('',(#2994));
#2860=SURFACE_SIDE_STYLE('',(#2995));
#2861=SURFACE_SIDE_STYLE('',(#2996));
#2862=SURFACE_SIDE_STYLE('',(#2997));
#2863=SURFACE_SIDE_STYLE('',(#2998));
#2864=SURFACE_SIDE_STYLE('',(#2999));
#2865=SURFACE_SIDE_STYLE('',(#3000));
#2866=SURFACE_SIDE_STYLE('',(#3001));
#2867=SURFACE_SIDE_STYLE('',(#3002));
#2868=SURFACE_SIDE_STYLE('',(#3003));
#2869=SURFACE_SIDE_STYLE('',(#3004));
#2870=SURFACE_SIDE_STYLE('',(#3005));
#2871=SURFACE_SIDE_STYLE('',(#3006));
#2872=SURFACE_SIDE_STYLE('',(#3007));
#2873=SURFACE_SIDE_STYLE('',(#3008));
#2874=SURFACE_SIDE_STYLE('',(#3009));
#2875=SURFACE_SIDE_STYLE('',(#3010));
#2876=SURFACE_SIDE_STYLE('',(#3011));
#2877=SURFACE_SIDE_STYLE('',(#3012));
#2878=SURFACE_SIDE_STYLE('',(#3013));
#2879=SURFACE_SIDE_STYLE('',(#3014));
#2880=SURFACE_SIDE_STYLE('',(#3015));
#2881=SURFACE_SIDE_STYLE('',(#3016));
#2882=SURFACE_SIDE_STYLE('',(#3017));
#2883=SURFACE_SIDE_STYLE('',(#3018));
#2884=SURFACE_SIDE_STYLE('',(#3019));
#2885=SURFACE_SIDE_STYLE('',(#3020));
#2886=SURFACE_SIDE_STYLE('',(#3021));
#2887=SURFACE_SIDE_STYLE('',(#3022));
#2888=SURFACE_SIDE_STYLE('',(#3023));
#2889=SURFACE_SIDE_STYLE('',(#3024));
#2890=SURFACE_SIDE_STYLE('',(#3025));
#2891=SURFACE_SIDE_STYLE('',(#3026));
#2892=SURFACE_SIDE_STYLE('',(#3027));
#2893=SURFACE_SIDE_STYLE('',(#3028));
#2894=SURFACE_SIDE_STYLE('',(#3029));
#2895=SURFACE_SIDE_STYLE('',(#3030));
#2896=SURFACE_SIDE_STYLE('',(#3031));
#2897=SURFACE_SIDE_STYLE('',(#3032));
#2898=SURFACE_SIDE_STYLE('',(#3033));
#2899=SURFACE_SIDE_STYLE('',(#3034));
#2900=SURFACE_SIDE_STYLE('',(#3035));
#2901=SURFACE_SIDE_STYLE('',(#3036));
#2902=SURFACE_SIDE_STYLE('',(#3037));
#2903=SURFACE_SIDE_STYLE('',(#3038));
#2904=SURFACE_SIDE_STYLE('',(#3039));
#2905=SURFACE_SIDE_STYLE('',(#3040));
#2906=SURFACE_SIDE_STYLE('',(#3041));
#2907=SURFACE_SIDE_STYLE('',(#3042));
#2908=SURFACE_SIDE_STYLE('',(#3043));
#2909=SURFACE_SIDE_STYLE('',(#3044));
#2910=SURFACE_SIDE_STYLE('',(#3045));
#2911=SURFACE_SIDE_STYLE('',(#3046));
#2912=SURFACE_SIDE_STYLE('',(#3047));
#2913=SURFACE_SIDE_STYLE('',(#3048));
#2914=SURFACE_SIDE_STYLE('',(#3049));
#2915=SURFACE_SIDE_STYLE('',(#3050));
#2916=SURFACE_SIDE_STYLE('',(#3051));
#2917=SURFACE_SIDE_STYLE('',(#3052));
#2918=SURFACE_SIDE_STYLE('',(#3053));
#2919=SURFACE_SIDE_STYLE('',(#3054));
#2920=SURFACE_SIDE_STYLE('',(#3055));
#2921=SURFACE_SIDE_STYLE('',(#3056));
#2922=SURFACE_SIDE_STYLE('',(#3057));
#2923=SURFACE_SIDE_STYLE('',(#3058));
#2924=SURFACE_SIDE_STYLE('',(#3059));
#2925=SURFACE_SIDE_STYLE('',(#3060));
#2926=SURFACE_SIDE_STYLE('',(#3061));
#2927=SURFACE_SIDE_STYLE('',(#3062));
#2928=SURFACE_SIDE_STYLE('',(#3063));
#2929=SURFACE_SIDE_STYLE('',(#3064));
#2930=SURFACE_SIDE_STYLE('',(#3065));
#2931=SURFACE_SIDE_STYLE('',(#3066));
#2932=SURFACE_SIDE_STYLE('',(#3067));
#2933=SURFACE_SIDE_STYLE('',(#3068));
#2934=SURFACE_SIDE_STYLE('',(#3069));
#2935=SURFACE_SIDE_STYLE('',(#3070));
#2936=SURFACE_SIDE_STYLE('',(#3071));
#2937=SURFACE_SIDE_STYLE('',(#3072));
#2938=SURFACE_SIDE_STYLE('',(#3073));
#2939=SURFACE_SIDE_STYLE('',(#3074));
#2940=SURFACE_SIDE_STYLE('',(#3075));
#2941=SURFACE_SIDE_STYLE('',(#3076));
#2942=SURFACE_SIDE_STYLE('',(#3077));
#2943=SURFACE_SIDE_STYLE('',(#3078));
#2944=SURFACE_SIDE_STYLE('',(#3079));
#2945=SURFACE_SIDE_STYLE('',(#3080));
#2946=SURFACE_SIDE_STYLE('',(#3081));
#2947=SURFACE_STYLE_FILL_AREA(#3082);
#2948=SURFACE_STYLE_FILL_AREA(#3083);
#2949=SURFACE_STYLE_FILL_AREA(#3084);
#2950=SURFACE_STYLE_FILL_AREA(#3085);
#2951=SURFACE_STYLE_FILL_AREA(#3086);
#2952=SURFACE_STYLE_FILL_AREA(#3087);
#2953=SURFACE_STYLE_FILL_AREA(#3088);
#2954=SURFACE_STYLE_FILL_AREA(#3089);
#2955=SURFACE_STYLE_FILL_AREA(#3090);
#2956=SURFACE_STYLE_FILL_AREA(#3091);
#2957=SURFACE_STYLE_FILL_AREA(#3092);
#2958=SURFACE_STYLE_FILL_AREA(#3093);
#2959=SURFACE_STYLE_FILL_AREA(#3094);
#2960=SURFACE_STYLE_FILL_AREA(#3095);
#2961=SURFACE_STYLE_FILL_AREA(#3096);
#2962=SURFACE_STYLE_FILL_AREA(#3097);
#2963=SURFACE_STYLE_FILL_AREA(#3098);
#2964=SURFACE_STYLE_FILL_AREA(#3099);
#2965=SURFACE_STYLE_FILL_AREA(#3100);
#2966=SURFACE_STYLE_FILL_AREA(#3101);
#2967=SURFACE_STYLE_FILL_AREA(#3102);
#2968=SURFACE_STYLE_FILL_AREA(#3103);
#2969=SURFACE_STYLE_FILL_AREA(#3104);
#2970=SURFACE_STYLE_FILL_AREA(#3105);
#2971=SURFACE_STYLE_FILL_AREA(#3106);
#2972=SURFACE_STYLE_FILL_AREA(#3107);
#2973=SURFACE_STYLE_FILL_AREA(#3108);
#2974=SURFACE_STYLE_FILL_AREA(#3109);
#2975=SURFACE_STYLE_FILL_AREA(#3110);
#2976=SURFACE_STYLE_FILL_AREA(#3111);
#2977=SURFACE_STYLE_FILL_AREA(#3112);
#2978=SURFACE_STYLE_FILL_AREA(#3113);
#2979=SURFACE_STYLE_FILL_AREA(#3114);
#2980=SURFACE_STYLE_FILL_AREA(#3115);
#2981=SURFACE_STYLE_FILL_AREA(#3116);
#2982=SURFACE_STYLE_FILL_AREA(#3117);
#2983=SURFACE_STYLE_FILL_AREA(#3118);
#2984=SURFACE_STYLE_FILL_AREA(#3119);
#2985=SURFACE_STYLE_FILL_AREA(#3120);
#2986=SURFACE_STYLE_FILL_AREA(#3121);
#2987=SURFACE_STYLE_FILL_AREA(#3122);
#2988=SURFACE_STYLE_FILL_AREA(#3123);
#2989=SURFACE_STYLE_FILL_AREA(#3124);
#2990=SURFACE_STYLE_FILL_AREA(#3125);
#2991=SURFACE_STYLE_FILL_AREA(#3126);
#2992=SURFACE_STYLE_FILL_AREA(#3127);
#2993=SURFACE_STYLE_FILL_AREA(#3128);
#2994=SURFACE_STYLE_FILL_AREA(#3129);
#2995=SURFACE_STYLE_FILL_AREA(#3130);
#2996=SURFACE_STYLE_FILL_AREA(#3131);
#2997=SURFACE_STYLE_FILL_AREA(#3132);
#2998=SURFACE_STYLE_FILL_AREA(#3133);
#2999=SURFACE_STYLE_FILL_AREA(#3134);
#3000=SURFACE_STYLE_FILL_AREA(#3135);
#3001=SURFACE_STYLE_FILL_AREA(#3136);
#3002=SURFACE_STYLE_FILL_AREA(#3137);
#3003=SURFACE_STYLE_FILL_AREA(#3138);
#3004=SURFACE_STYLE_FILL_AREA(#3139);
#3005=SURFACE_STYLE_FILL_AREA(#3140);
#3006=SURFACE_STYLE_FILL_AREA(#3141);
#3007=SURFACE_STYLE_FILL_AREA(#3142);
#3008=SURFACE_STYLE_FILL_AREA(#3143);
#3009=SURFACE_STYLE_FILL_AREA(#3144);
#3010=SURFACE_STYLE_FILL_AREA(#3145);
#3011=SURFACE_STYLE_FILL_AREA(#3146);
#3012=SURFACE_STYLE_FILL_AREA(#3147);
#3013=SURFACE_STYLE_FILL_AREA(#3148);
#3014=SURFACE_STYLE_FILL_AREA(#3149);
#3015=SURFACE_STYLE_FILL_AREA(#3150);
#3016=SURFACE_STYLE_FILL_AREA(#3151);
#3017=SURFACE_STYLE_FILL_AREA(#3152);
#3018=SURFACE_STYLE_FILL_AREA(#3153);
#3019=SURFACE_STYLE_FILL_AREA(#3154);
#3020=SURFACE_STYLE_FILL_AREA(#3155);
#3021=SURFACE_STYLE_FILL_AREA(#3156);
#3022=SURFACE_STYLE_FILL_AREA(#3157);
#3023=SURFACE_STYLE_FILL_AREA(#3158);
#3024=SURFACE_STYLE_FILL_AREA(#3159);
#3025=SURFACE_STYLE_FILL_AREA(#3160);
#3026=SURFACE_STYLE_FILL_AREA(#3161);
#3027=SURFACE_STYLE_FILL_AREA(#3162);
#3028=SURFACE_STYLE_FILL_AREA(#3163);
#3029=SURFACE_STYLE_FILL_AREA(#3164);
#3030=SURFACE_STYLE_FILL_AREA(#3165);
#3031=SURFACE_STYLE_FILL_AREA(#3166);
#3032=SURFACE_STYLE_FILL_AREA(#3167);
#3033=SURFACE_STYLE_FILL_AREA(#3168);
#3034=SURFACE_STYLE_FILL_AREA(#3169);
#3035=SURFACE_STYLE_FILL_AREA(#3170);
#3036=SURFACE_STYLE_FILL_AREA(#3171);
#3037=SURFACE_STYLE_FILL_AREA(#3172);
#3038=SURFACE_STYLE_FILL_AREA(#3173);
#3039=SURFACE_STYLE_FILL_AREA(#3174);
#3040=SURFACE_STYLE_FILL_AREA(#3175);
#3041=SURFACE_STYLE_FILL_AREA(#3176);
#3042=SURFACE_STYLE_FILL_AREA(#3177);
#3043=SURFACE_STYLE_FILL_AREA(#3178);
#3044=SURFACE_STYLE_FILL_AREA(#3179);
#3045=SURFACE_STYLE_FILL_AREA(#3180);
#3046=SURFACE_STYLE_FILL_AREA(#3181);
#3047=SURFACE_STYLE_FILL_AREA(#3182);
#3048=SURFACE_STYLE_FILL_AREA(#3183);
#3049=SURFACE_STYLE_FILL_AREA(#3184);
#3050=SURFACE_STYLE_FILL_AREA(#3185);
#3051=SURFACE_STYLE_FILL_AREA(#3186);
#3052=SURFACE_STYLE_FILL_AREA(#3187);
#3053=SURFACE_STYLE_FILL_AREA(#3188);
#3054=SURFACE_STYLE_FILL_AREA(#3189);
#3055=SURFACE_STYLE_FILL_AREA(#3190);
#3056=SURFACE_STYLE_FILL_AREA(#3191);
#3057=SURFACE_STYLE_FILL_AREA(#3192);
#3058=SURFACE_STYLE_FILL_AREA(#3193);
#3059=SURFACE_STYLE_FILL_AREA(#3194);
#3060=SURFACE_STYLE_FILL_AREA(#3195);
#3061=SURFACE_STYLE_FILL_AREA(#3196);
#3062=SURFACE_STYLE_FILL_AREA(#3197);
#3063=SURFACE_STYLE_FILL_AREA(#3198);
#3064=SURFACE_STYLE_FILL_AREA(#3199);
#3065=SURFACE_STYLE_FILL_AREA(#3200);
#3066=SURFACE_STYLE_FILL_AREA(#3201);
#3067=SURFACE_STYLE_FILL_AREA(#3202);
#3068=SURFACE_STYLE_FILL_AREA(#3203);
#3069=SURFACE_STYLE_FILL_AREA(#3204);
#3070=SURFACE_STYLE_FILL_AREA(#3205);
#3071=SURFACE_STYLE_FILL_AREA(#3206);
#3072=SURFACE_STYLE_FILL_AREA(#3207);
#3073=SURFACE_STYLE_FILL_AREA(#3208);
#3074=SURFACE_STYLE_FILL_AREA(#3209);
#3075=SURFACE_STYLE_FILL_AREA(#3210);
#3076=SURFACE_STYLE_FILL_AREA(#3211);
#3077=SURFACE_STYLE_FILL_AREA(#3212);
#3078=SURFACE_STYLE_FILL_AREA(#3213);
#3079=SURFACE_STYLE_FILL_AREA(#3214);
#3080=SURFACE_STYLE_FILL_AREA(#3215);
#3081=SURFACE_STYLE_FILL_AREA(#3216);
#3082=FILL_AREA_STYLE('',(#3217));
#3083=FILL_AREA_STYLE('',(#3218));
#3084=FILL_AREA_STYLE('',(#3219));
#3085=FILL_AREA_STYLE('',(#3220));
#3086=FILL_AREA_STYLE('',(#3221));
#3087=FILL_AREA_STYLE('',(#3222));
#3088=FILL_AREA_STYLE('',(#3223));
#3089=FILL_AREA_STYLE('',(#3224));
#3090=FILL_AREA_STYLE('',(#3225));
#3091=FILL_AREA_STYLE('',(#3226));
#3092=FILL_AREA_STYLE('',(#3227));
#3093=FILL_AREA_STYLE('',(#3228));
#3094=FILL_AREA_STYLE('',(#3229));
#3095=FILL_AREA_STYLE('',(#3230));
#3096=FILL_AREA_STYLE('',(#3231));
#3097=FILL_AREA_STYLE('',(#3232));
#3098=FILL_AREA_STYLE('',(#3233));
#3099=FILL_AREA_STYLE('',(#3234));
#3100=FILL_AREA_STYLE('',(#3235));
#3101=FILL_AREA_STYLE('',(#3236));
#3102=FILL_AREA_STYLE('',(#3237));
#3103=FILL_AREA_STYLE('',(#3238));
#3104=FILL_AREA_STYLE('',(#3239));
#3105=FILL_AREA_STYLE('',(#3240));
#3106=FILL_AREA_STYLE('',(#3241));
#3107=FILL_AREA_STYLE('',(#3242));
#3108=FILL_AREA_STYLE('',(#3243));
#3109=FILL_AREA_STYLE('',(#3244));
#3110=FILL_AREA_STYLE('',(#3245));
#3111=FILL_AREA_STYLE('',(#3246));
#3112=FILL_AREA_STYLE('',(#3247));
#3113=FILL_AREA_STYLE('',(#3248));
#3114=FILL_AREA_STYLE('',(#3249));
#3115=FILL_AREA_STYLE('',(#3250));
#3116=FILL_AREA_STYLE('',(#3251));
#3117=FILL_AREA_STYLE('',(#3252));
#3118=FILL_AREA_STYLE('',(#3253));
#3119=FILL_AREA_STYLE('',(#3254));
#3120=FILL_AREA_STYLE('',(#3255));
#3121=FILL_AREA_STYLE('',(#3256));
#3122=FILL_AREA_STYLE('',(#3257));
#3123=FILL_AREA_STYLE('',(#3258));
#3124=FILL_AREA_STYLE('',(#3259));
#3125=FILL_AREA_STYLE('',(#3260));
#3126=FILL_AREA_STYLE('',(#3261));
#3127=FILL_AREA_STYLE('',(#3262));
#3128=FILL_AREA_STYLE('',(#3263));
#3129=FILL_AREA_STYLE('',(#3264));
#3130=FILL_AREA_STYLE('',(#3265));
#3131=FILL_AREA_STYLE('',(#3266));
#3132=FILL_AREA_STYLE('',(#3267));
#3133=FILL_AREA_STYLE('',(#3268));
#3134=FILL_AREA_STYLE('',(#3269));
#3135=FILL_AREA_STYLE('',(#3270));
#3136=FILL_AREA_STYLE('',(#3271));
#3137=FILL_AREA_STYLE('',(#3272));
#3138=FILL_AREA_STYLE('',(#3273));
#3139=FILL_AREA_STYLE('',(#3274));
#3140=FILL_AREA_STYLE('',(#3275));
#3141=FILL_AREA_STYLE('',(#3276));
#3142=FILL_AREA_STYLE('',(#3277));
#3143=FILL_AREA_STYLE('',(#3278));
#3144=FILL_AREA_STYLE('',(#3279));
#3145=FILL_AREA_STYLE('',(#3280));
#3146=FILL_AREA_STYLE('',(#3281));
#3147=FILL_AREA_STYLE('',(#3282));
#3148=FILL_AREA_STYLE('',(#3283));
#3149=FILL_AREA_STYLE('',(#3284));
#3150=FILL_AREA_STYLE('',(#3285));
#3151=FILL_AREA_STYLE('',(#3286));
#3152=FILL_AREA_STYLE('',(#3287));
#3153=FILL_AREA_STYLE('',(#3288));
#3154=FILL_AREA_STYLE('',(#3289));
#3155=FILL_AREA_STYLE('',(#3290));
#3156=FILL_AREA_STYLE('',(#3291));
#3157=FILL_AREA_STYLE('',(#3292));
#3158=FILL_AREA_STYLE('',(#3293));
#3159=FILL_AREA_STYLE('',(#3294));
#3160=FILL_AREA_STYLE('',(#3295));
#3161=FILL_AREA_STYLE('',(#3296));
#3162=FILL_AREA_STYLE('',(#3297));
#3163=FILL_AREA_STYLE('',(#3298));
#3164=FILL_AREA_STYLE('',(#3299));
#3165=FILL_AREA_STYLE('',(#3300));
#3166=FILL_AREA_STYLE('',(#3301));
#3167=FILL_AREA_STYLE('',(#3302));
#3168=FILL_AREA_STYLE('',(#3303));
#3169=FILL_AREA_STYLE('',(#3304));
#3170=FILL_AREA_STYLE('',(#3305));
#3171=FILL_AREA_STYLE('',(#3306));
#3172=FILL_AREA_STYLE('',(#3307));
#3173=FILL_AREA_STYLE('',(#3308));
#3174=FILL_AREA_STYLE('',(#3309));
#3175=FILL_AREA_STYLE('',(#3310));
#3176=FILL_AREA_STYLE('',(#3311));
#3177=FILL_AREA_STYLE('',(#3312));
#3178=FILL_AREA_STYLE('',(#3313));
#3179=FILL_AREA_STYLE('',(#3314));
#3180=FILL_AREA_STYLE('',(#3315));
#3181=FILL_AREA_STYLE('',(#3316));
#3182=FILL_AREA_STYLE('',(#3317));
#3183=FILL_AREA_STYLE('',(#3318));
#3184=FILL_AREA_STYLE('',(#3319));
#3185=FILL_AREA_STYLE('',(#3320));
#3186=FILL_AREA_STYLE('',(#3321));
#3187=FILL_AREA_STYLE('',(#3322));
#3188=FILL_AREA_STYLE('',(#3323));
#3189=FILL_AREA_STYLE('',(#3324));
#3190=FILL_AREA_STYLE('',(#3325));
#3191=FILL_AREA_STYLE('',(#3326));
#3192=FILL_AREA_STYLE('',(#3327));
#3193=FILL_AREA_STYLE('',(#3328));
#3194=FILL_AREA_STYLE('',(#3329));
#3195=FILL_AREA_STYLE('',(#3330));
#3196=FILL_AREA_STYLE('',(#3331));
#3197=FILL_AREA_STYLE('',(#3332));
#3198=FILL_AREA_STYLE('',(#3333));
#3199=FILL_AREA_STYLE('',(#3334));
#3200=FILL_AREA_STYLE('',(#3335));
#3201=FILL_AREA_STYLE('',(#3336));
#3202=FILL_AREA_STYLE('',(#3337));
#3203=FILL_AREA_STYLE('',(#3338));
#3204=FILL_AREA_STYLE('',(#3339));
#3205=FILL_AREA_STYLE('',(#3340));
#3206=FILL_AREA_STYLE('',(#3341));
#3207=FILL_AREA_STYLE('',(#3342));
#3208=FILL_AREA_STYLE('',(#3343));
#3209=FILL_AREA_STYLE('',(#3344));
#3210=FILL_AREA_STYLE('',(#3345));
#3211=FILL_AREA_STYLE('',(#3346));
#3212=FILL_AREA_STYLE('',(#3347));
#3213=FILL_AREA_STYLE('',(#3348));
#3214=FILL_AREA_STYLE('',(#3349));
#3215=FILL_AREA_STYLE('',(#3350));
#3216=FILL_AREA_STYLE('',(#3351));
#3217=FILL_AREA_STYLE_COLOUR('',#3352);
#3218=FILL_AREA_STYLE_COLOUR('',#3352);
#3219=FILL_AREA_STYLE_COLOUR('',#3352);
#3220=FILL_AREA_STYLE_COLOUR('',#3352);
#3221=FILL_AREA_STYLE_COLOUR('',#3352);
#3222=FILL_AREA_STYLE_COLOUR('',#3352);
#3223=FILL_AREA_STYLE_COLOUR('',#3352);
#3224=FILL_AREA_STYLE_COLOUR('',#3352);
#3225=FILL_AREA_STYLE_COLOUR('',#3352);
#3226=FILL_AREA_STYLE_COLOUR('',#3352);
#3227=FILL_AREA_STYLE_COLOUR('',#3352);
#3228=FILL_AREA_STYLE_COLOUR('',#3352);
#3229=FILL_AREA_STYLE_COLOUR('',#3352);
#3230=FILL_AREA_STYLE_COLOUR('',#3352);
#3231=FILL_AREA_STYLE_COLOUR('',#3352);
#3232=FILL_AREA_STYLE_COLOUR('',#3352);
#3233=FILL_AREA_STYLE_COLOUR('',#3352);
#3234=FILL_AREA_STYLE_COLOUR('',#3352);
#3235=FILL_AREA_STYLE_COLOUR('',#3353);
#3236=FILL_AREA_STYLE_COLOUR('',#3353);
#3237=FILL_AREA_STYLE_COLOUR('',#3353);
#3238=FILL_AREA_STYLE_COLOUR('',#3353);
#3239=FILL_AREA_STYLE_COLOUR('',#3352);
#3240=FILL_AREA_STYLE_COLOUR('',#3352);
#3241=FILL_AREA_STYLE_COLOUR('',#3352);
#3242=FILL_AREA_STYLE_COLOUR('',#3352);
#3243=FILL_AREA_STYLE_COLOUR('',#3352);
#3244=FILL_AREA_STYLE_COLOUR('',#3352);
#3245=FILL_AREA_STYLE_COLOUR('',#3352);
#3246=FILL_AREA_STYLE_COLOUR('',#3352);
#3247=FILL_AREA_STYLE_COLOUR('',#3353);
#3248=FILL_AREA_STYLE_COLOUR('',#3353);
#3249=FILL_AREA_STYLE_COLOUR('',#3353);
#3250=FILL_AREA_STYLE_COLOUR('',#3353);
#3251=FILL_AREA_STYLE_COLOUR('',#3354);
#3252=FILL_AREA_STYLE_COLOUR('',#3354);
#3253=FILL_AREA_STYLE_COLOUR('',#3354);
#3254=FILL_AREA_STYLE_COLOUR('',#3354);
#3255=FILL_AREA_STYLE_COLOUR('',#3354);
#3256=FILL_AREA_STYLE_COLOUR('',#3353);
#3257=FILL_AREA_STYLE_COLOUR('',#3353);
#3258=FILL_AREA_STYLE_COLOUR('',#3353);
#3259=FILL_AREA_STYLE_COLOUR('',#3353);
#3260=FILL_AREA_STYLE_COLOUR('',#3354);
#3261=FILL_AREA_STYLE_COLOUR('',#3354);
#3262=FILL_AREA_STYLE_COLOUR('',#3354);
#3263=FILL_AREA_STYLE_COLOUR('',#3354);
#3264=FILL_AREA_STYLE_COLOUR('',#3354);
#3265=FILL_AREA_STYLE_COLOUR('',#3354);
#3266=FILL_AREA_STYLE_COLOUR('',#3354);
#3267=FILL_AREA_STYLE_COLOUR('',#3354);
#3268=FILL_AREA_STYLE_COLOUR('',#3354);
#3269=FILL_AREA_STYLE_COLOUR('',#3354);
#3270=FILL_AREA_STYLE_COLOUR('',#3353);
#3271=FILL_AREA_STYLE_COLOUR('',#3353);
#3272=FILL_AREA_STYLE_COLOUR('',#3353);
#3273=FILL_AREA_STYLE_COLOUR('',#3353);
#3274=FILL_AREA_STYLE_COLOUR('',#3353);
#3275=FILL_AREA_STYLE_COLOUR('',#3353);
#3276=FILL_AREA_STYLE_COLOUR('',#3353);
#3277=FILL_AREA_STYLE_COLOUR('',#3353);
#3278=FILL_AREA_STYLE_COLOUR('',#3353);
#3279=FILL_AREA_STYLE_COLOUR('',#3353);
#3280=FILL_AREA_STYLE_COLOUR('',#3353);
#3281=FILL_AREA_STYLE_COLOUR('',#3353);
#3282=FILL_AREA_STYLE_COLOUR('',#3353);
#3283=FILL_AREA_STYLE_COLOUR('',#3353);
#3284=FILL_AREA_STYLE_COLOUR('',#3353);
#3285=FILL_AREA_STYLE_COLOUR('',#3353);
#3286=FILL_AREA_STYLE_COLOUR('',#3353);
#3287=FILL_AREA_STYLE_COLOUR('',#3353);
#3288=FILL_AREA_STYLE_COLOUR('',#3353);
#3289=FILL_AREA_STYLE_COLOUR('',#3353);
#3290=FILL_AREA_STYLE_COLOUR('',#3353);
#3291=FILL_AREA_STYLE_COLOUR('',#3353);
#3292=FILL_AREA_STYLE_COLOUR('',#3354);
#3293=FILL_AREA_STYLE_COLOUR('',#3354);
#3294=FILL_AREA_STYLE_COLOUR('',#3354);
#3295=FILL_AREA_STYLE_COLOUR('',#3354);
#3296=FILL_AREA_STYLE_COLOUR('',#3354);
#3297=FILL_AREA_STYLE_COLOUR('',#3354);
#3298=FILL_AREA_STYLE_COLOUR('',#3354);
#3299=FILL_AREA_STYLE_COLOUR('',#3354);
#3300=FILL_AREA_STYLE_COLOUR('',#3354);
#3301=FILL_AREA_STYLE_COLOUR('',#3354);
#3302=FILL_AREA_STYLE_COLOUR('',#3354);
#3303=FILL_AREA_STYLE_COLOUR('',#3354);
#3304=FILL_AREA_STYLE_COLOUR('',#3354);
#3305=FILL_AREA_STYLE_COLOUR('',#3354);
#3306=FILL_AREA_STYLE_COLOUR('',#3354);
#3307=FILL_AREA_STYLE_COLOUR('',#3354);
#3308=FILL_AREA_STYLE_COLOUR('',#3354);
#3309=FILL_AREA_STYLE_COLOUR('',#3354);
#3310=FILL_AREA_STYLE_COLOUR('',#3354);
#3311=FILL_AREA_STYLE_COLOUR('',#3354);
#3312=FILL_AREA_STYLE_COLOUR('',#3354);
#3313=FILL_AREA_STYLE_COLOUR('',#3354);
#3314=FILL_AREA_STYLE_COLOUR('',#3354);
#3315=FILL_AREA_STYLE_COLOUR('',#3354);
#3316=FILL_AREA_STYLE_COLOUR('',#3354);
#3317=FILL_AREA_STYLE_COLOUR('',#3354);
#3318=FILL_AREA_STYLE_COLOUR('',#3354);
#3319=FILL_AREA_STYLE_COLOUR('',#3354);
#3320=FILL_AREA_STYLE_COLOUR('',#3354);
#3321=FILL_AREA_STYLE_COLOUR('',#3354);
#3322=FILL_AREA_STYLE_COLOUR('',#3354);
#3323=FILL_AREA_STYLE_COLOUR('',#3354);
#3324=FILL_AREA_STYLE_COLOUR('',#3354);
#3325=FILL_AREA_STYLE_COLOUR('',#3353);
#3326=FILL_AREA_STYLE_COLOUR('',#3353);
#3327=FILL_AREA_STYLE_COLOUR('',#3353);
#3328=FILL_AREA_STYLE_COLOUR('',#3353);
#3329=FILL_AREA_STYLE_COLOUR('',#3353);
#3330=FILL_AREA_STYLE_COLOUR('',#3353);
#3331=FILL_AREA_STYLE_COLOUR('',#3353);
#3332=FILL_AREA_STYLE_COLOUR('',#3353);
#3333=FILL_AREA_STYLE_COLOUR('',#3354);
#3334=FILL_AREA_STYLE_COLOUR('',#3354);
#3335=FILL_AREA_STYLE_COLOUR('',#3354);
#3336=FILL_AREA_STYLE_COLOUR('',#3354);
#3337=FILL_AREA_STYLE_COLOUR('',#3354);
#3338=FILL_AREA_STYLE_COLOUR('',#3354);
#3339=FILL_AREA_STYLE_COLOUR('',#3354);
#3340=FILL_AREA_STYLE_COLOUR('',#3354);
#3341=FILL_AREA_STYLE_COLOUR('',#3354);
#3342=FILL_AREA_STYLE_COLOUR('',#3354);
#3343=FILL_AREA_STYLE_COLOUR('',#3354);
#3344=FILL_AREA_STYLE_COLOUR('',#3354);
#3345=FILL_AREA_STYLE_COLOUR('',#3353);
#3346=FILL_AREA_STYLE_COLOUR('',#3354);
#3347=FILL_AREA_STYLE_COLOUR('',#3354);
#3348=FILL_AREA_STYLE_COLOUR('',#3354);
#3349=FILL_AREA_STYLE_COLOUR('',#3354);
#3350=FILL_AREA_STYLE_COLOUR('',#3354);
#3351=FILL_AREA_STYLE_COLOUR('',#3352);
#3352=COLOUR_RGB('',0.949999988079071,0.949999988079071,0.949999988079071);
#3353=COLOUR_RGB('',0.200000002980232,0.200000002980232,0.200000002980232);
#3354=COLOUR_RGB('',0.699999988079071,0.699999988079071,0.699999988079071);
#3355=ADVANCED_FACE('',(#2136,#2137),#2292,.T.);
#3356=ADVANCED_FACE('',(#2138),#40,.T.);
#3357=ADVANCED_FACE('',(#2139),#20,.T.);
#3358=ADVANCED_FACE('',(#2140,#2141,#2142),#2293,.T.);
#3359=ADVANCED_FACE('',(#2143),#2294,.T.);
#3360=ADVANCED_FACE('',(#2144,#2145),#41,.T.);
#3361=ADVANCED_FACE('',(#2146,#2147),#21,.T.);
#3362=ADVANCED_FACE('',(#2148),#2295,.T.);
#3363=ADVANCED_FACE('',(#2149),#2296,.T.);
#3364=ADVANCED_FACE('',(#2150),#2297,.T.);
#3365=ADVANCED_FACE('',(#2151),#2298,.T.);
#3366=ADVANCED_FACE('',(#2152),#2299,.T.);
#3367=ADVANCED_FACE('',(#2153),#2300,.T.);
#3368=ADVANCED_FACE('',(#2154),#2301,.F.);
#3369=ADVANCED_FACE('',(#2155),#2302,.F.);
#3370=ADVANCED_FACE('',(#2156),#2303,.F.);
#3371=ADVANCED_FACE('',(#2157),#2304,.F.);
#3372=ADVANCED_FACE('',(#2158),#2305,.F.);
#3373=ADVANCED_FACE('',(#2159),#2306,.T.);
#3374=ADVANCED_FACE('',(#2160),#2307,.F.);
#3375=ADVANCED_FACE('',(#2161),#2308,.T.);
#3376=ADVANCED_FACE('',(#2162),#2309,.F.);
#3377=ADVANCED_FACE('',(#2163),#2310,.T.);
#3378=ADVANCED_FACE('',(#2164),#2311,.T.);
#3379=ADVANCED_FACE('',(#2165),#2312,.T.);
#3380=ADVANCED_FACE('',(#2166),#2313,.T.);
#3381=ADVANCED_FACE('',(#2167),#2314,.T.);
#3382=ADVANCED_FACE('',(#2168),#2315,.T.);
#3383=ADVANCED_FACE('',(#2169),#2316,.T.);
#3384=ADVANCED_FACE('',(#2170),#2317,.T.);
#3385=ADVANCED_FACE('',(#2171,#2172),#22,.T.);
#3386=ADVANCED_FACE('',(#2173,#2174),#23,.T.);
#3387=ADVANCED_FACE('',(#2175,#2176),#24,.T.);
#3388=ADVANCED_FACE('',(#2177,#2178),#25,.T.);
#3389=ADVANCED_FACE('',(#2179,#2180,#2181,#2182,#2183,#2184),#2318,.T.);
#3390=ADVANCED_FACE('',(#2185),#2319,.T.);
#3391=ADVANCED_FACE('',(#2186),#2320,.T.);
#3392=ADVANCED_FACE('',(#2187),#2321,.T.);
#3393=ADVANCED_FACE('',(#2188),#2322,.T.);
#3394=ADVANCED_FACE('',(#2189),#2323,.T.);
#3395=ADVANCED_FACE('',(#2190),#2324,.F.);
#3396=ADVANCED_FACE('',(#2191),#2325,.T.);
#3397=ADVANCED_FACE('',(#2192),#2326,.T.);
#3398=ADVANCED_FACE('',(#2193),#2327,.F.);
#3399=ADVANCED_FACE('',(#2194),#2328,.F.);
#3400=ADVANCED_FACE('',(#2195),#2329,.F.);
#3401=ADVANCED_FACE('',(#2196),#2330,.F.);
#3402=ADVANCED_FACE('',(#2197),#26,.T.);
#3403=ADVANCED_FACE('',(#2198),#2331,.F.);
#3404=ADVANCED_FACE('',(#2199),#2332,.F.);
#3405=ADVANCED_FACE('',(#2200),#2333,.F.);
#3406=ADVANCED_FACE('',(#2201),#2334,.F.);
#3407=ADVANCED_FACE('',(#2202),#27,.T.);
#3408=ADVANCED_FACE('',(#2203),#2335,.T.);
#3409=ADVANCED_FACE('',(#2204),#2336,.T.);
#3410=ADVANCED_FACE('',(#2205),#28,.T.);
#3411=ADVANCED_FACE('',(#2206),#2337,.T.);
#3412=ADVANCED_FACE('',(#2207),#2338,.T.);
#3413=ADVANCED_FACE('',(#2208),#2339,.T.);
#3414=ADVANCED_FACE('',(#2209),#2340,.T.);
#3415=ADVANCED_FACE('',(#2210),#2341,.T.);
#3416=ADVANCED_FACE('',(#2211),#2342,.T.);
#3417=ADVANCED_FACE('',(#2212),#2343,.T.);
#3418=ADVANCED_FACE('',(#2213),#2344,.T.);
#3419=ADVANCED_FACE('',(#2214),#2345,.T.);
#3420=ADVANCED_FACE('',(#2215),#2346,.T.);
#3421=ADVANCED_FACE('',(#2216),#2347,.T.);
#3422=ADVANCED_FACE('',(#2217),#2348,.T.);
#3423=ADVANCED_FACE('',(#2218),#2349,.T.);
#3424=ADVANCED_FACE('',(#2219),#2350,.T.);
#3425=ADVANCED_FACE('',(#2220),#2351,.T.);
#3426=ADVANCED_FACE('',(#2221),#29,.T.);
#3427=ADVANCED_FACE('',(#2222),#2352,.T.);
#3428=ADVANCED_FACE('',(#2223),#2353,.T.);
#3429=ADVANCED_FACE('',(#2224),#2354,.T.);
#3430=ADVANCED_FACE('',(#2225),#30,.F.);
#3431=ADVANCED_FACE('',(#2226),#2355,.T.);
#3432=ADVANCED_FACE('',(#2227),#31,.F.);
#3433=ADVANCED_FACE('',(#2228),#2356,.T.);
#3434=ADVANCED_FACE('',(#2229),#2357,.T.);
#3435=ADVANCED_FACE('',(#2230),#32,.T.);
#3436=ADVANCED_FACE('',(#2231),#2358,.T.);
#3437=ADVANCED_FACE('',(#2232),#33,.T.);
#3438=ADVANCED_FACE('',(#2233),#2359,.T.);
#3439=ADVANCED_FACE('',(#2234),#2360,.T.);
#3440=ADVANCED_FACE('',(#2235),#2361,.T.);
#3441=ADVANCED_FACE('',(#2236),#2362,.T.);
#3442=ADVANCED_FACE('',(#2237),#34,.F.);
#3443=ADVANCED_FACE('',(#2238),#2363,.T.);
#3444=ADVANCED_FACE('',(#2239),#35,.F.);
#3445=ADVANCED_FACE('',(#2240),#2364,.T.);
#3446=ADVANCED_FACE('',(#2241),#36,.T.);
#3447=ADVANCED_FACE('',(#2242),#2365,.T.);
#3448=ADVANCED_FACE('',(#2243),#37,.T.);
#3449=ADVANCED_FACE('',(#2244),#2366,.T.);
#3450=ADVANCED_FACE('',(#2245),#2367,.T.);
#3451=ADVANCED_FACE('',(#2246),#2368,.T.);
#3452=ADVANCED_FACE('',(#2247),#2369,.T.);
#3453=ADVANCED_FACE('',(#2248),#2370,.T.);
#3454=ADVANCED_FACE('',(#2249),#2371,.T.);
#3455=ADVANCED_FACE('',(#2250),#2372,.T.);
#3456=ADVANCED_FACE('',(#2251),#2373,.F.);
#3457=ADVANCED_FACE('',(#2252),#2374,.F.);
#3458=ADVANCED_FACE('',(#2253),#2375,.F.);
#3459=ADVANCED_FACE('',(#2254),#2376,.T.);
#3460=ADVANCED_FACE('',(#2255),#2377,.F.);
#3461=ADVANCED_FACE('',(#2256),#2378,.F.);
#3462=ADVANCED_FACE('',(#2257),#2379,.F.);
#3463=ADVANCED_FACE('',(#2258),#2380,.T.);
#3464=ADVANCED_FACE('',(#2259),#2381,.T.);
#3465=ADVANCED_FACE('',(#2260),#2382,.T.);
#3466=ADVANCED_FACE('',(#2261),#2383,.T.);
#3467=ADVANCED_FACE('',(#2262,#2263),#2384,.T.);
#3468=ADVANCED_FACE('',(#2264),#2385,.T.);
#3469=ADVANCED_FACE('',(#2265),#2386,.T.);
#3470=ADVANCED_FACE('',(#2266),#2387,.F.);
#3471=ADVANCED_FACE('',(#2267),#2388,.T.);
#3472=ADVANCED_FACE('',(#2268),#2389,.F.);
#3473=ADVANCED_FACE('',(#2269),#2390,.T.);
#3474=ADVANCED_FACE('',(#2270),#2391,.T.);
#3475=ADVANCED_FACE('',(#2271),#2392,.F.);
#3476=ADVANCED_FACE('',(#2272),#2393,.T.);
#3477=ADVANCED_FACE('',(#2273),#2394,.T.);
#3478=ADVANCED_FACE('',(#2274),#2395,.T.);
#3479=ADVANCED_FACE('',(#2275),#2396,.T.);
#3480=ADVANCED_FACE('',(#2276),#2397,.F.);
#3481=ADVANCED_FACE('',(#2277),#2398,.T.);
#3482=ADVANCED_FACE('',(#2278),#2399,.T.);
#3483=ADVANCED_FACE('',(#2279,#2280,#2281,#2282,#2283,#2284,#2285),#2400,
 .T.);
#3484=ADVANCED_FACE('',(#2286),#2401,.T.);
#3485=ADVANCED_FACE('',(#2287),#2402,.T.);
#3486=ADVANCED_FACE('',(#2288),#2403,.T.);
#3487=ADVANCED_FACE('',(#2289),#2404,.T.);
#3488=ADVANCED_FACE('',(#2290),#2405,.F.);
#3489=ADVANCED_FACE('',(#2291),#2406,.T.);
#3490=CLOSED_SHELL('',(#3355,#3356,#3357,#3358,#3359,#3360,#3361,#3362,
#3363,#3364,#3365,#3366,#3367,#3368,#3369,#3370,#3371,#3372,#3373,#3374,
#3375,#3376,#3377,#3378,#3379,#3380,#3381,#3382,#3383,#3384,#3385,#3386,
#3387,#3388,#3389,#3390,#3391,#3392,#3393,#3394,#3395,#3396,#3397,#3398,
#3399,#3400,#3401,#3402,#3403,#3404,#3405,#3406,#3407,#3408,#3409,#3410,
#3411,#3412,#3413,#3414,#3415,#3416,#3417,#3418,#3419,#3420,#3421,#3422,
#3423,#3424,#3425,#3426,#3427,#3428,#3429,#3430,#3431,#3432,#3433,#3434,
#3435,#3436,#3437,#3438,#3439,#3440,#3441,#3442,#3443,#3444,#3445,#3446,
#3447,#3448,#3449,#3450,#3451,#3452,#3453,#3454,#3455,#3456,#3457,#3458,
#3459,#3460,#3461,#3462,#3463,#3464,#3465,#3466,#3467,#3468,#3469,#3470,
#3471,#3472,#3473,#3474,#3475,#3476,#3477,#3478,#3479,#3480,#3481,#3482,
#3483,#3484,#3485,#3486,#3487,#3488,#3489));
#3491=MANIFOLD_SOLID_BREP('',#3490);
#3492=SHAPE_DEFINITION_REPRESENTATION(#5059,#3493);
#3493=SHAPE_REPRESENTATION('228ADS2AAWFCMBA',(#3494),#5054);
#3494=AXIS2_PLACEMENT_3D('',#4325,#3668,#3669);
#3495=AXIS2_PLACEMENT_3D('',#4326,#3670,#3671);
#3496=AXIS2_PLACEMENT_3D('',#4327,#3672,#3673);
#3497=AXIS2_PLACEMENT_3D('',#4329,#3674,#3675);
#3498=AXIS2_PLACEMENT_3D('',#4333,#3677,#3678);
#3499=AXIS2_PLACEMENT_3D('',#4334,#3679,#3680);
#3500=AXIS2_PLACEMENT_3D('',#4347,#3681,#3682);
#3501=AXIS2_PLACEMENT_3D('',#4350,#3684,#3685);
#3502=AXIS2_PLACEMENT_3D('',#4353,#3687,#3688);
#3503=AXIS2_PLACEMENT_3D('',#4395,#3710,#3711);
#3504=AXIS2_PLACEMENT_3D('',#4396,#3712,#3713);
#3505=AXIS2_PLACEMENT_3D('',#4398,#3714,#3715);
#3506=AXIS2_PLACEMENT_3D('',#4399,#3716,#3717);
#3507=AXIS2_PLACEMENT_3D('',#4401,#3718,#3719);
#3508=AXIS2_PLACEMENT_3D('',#4402,#3720,#3721);
#3509=AXIS2_PLACEMENT_3D('',#4408,#3725,#3726);
#3510=AXIS2_PLACEMENT_3D('',#4412,#3729,#3730);
#3511=AXIS2_PLACEMENT_3D('',#4416,#3733,#3734);
#3512=AXIS2_PLACEMENT_3D('',#4422,#3738,#3739);
#3513=AXIS2_PLACEMENT_3D('',#4426,#3742,#3743);
#3514=AXIS2_PLACEMENT_3D('',#4430,#3746,#3747);
#3515=AXIS2_PLACEMENT_3D('',#4434,#3750,#3751);
#3516=AXIS2_PLACEMENT_3D('',#4438,#3754,#3755);
#3517=AXIS2_PLACEMENT_3D('',#4442,#3758,#3759);
#3518=AXIS2_PLACEMENT_3D('',#4447,#3763,#3764);
#3519=AXIS2_PLACEMENT_3D('',#4449,#3766,#3767);
#3520=AXIS2_PLACEMENT_3D('',#4450,#3768,#3769);
#3521=AXIS2_PLACEMENT_3D('',#4452,#3770,#3771);
#3522=AXIS2_PLACEMENT_3D('',#4453,#3772,#3773);
#3523=AXIS2_PLACEMENT_3D('',#4455,#3774,#3775);
#3524=AXIS2_PLACEMENT_3D('',#4456,#3776,#3777);
#3525=AXIS2_PLACEMENT_3D('',#4458,#3778,#3779);
#3526=AXIS2_PLACEMENT_3D('',#4459,#3780,#3781);
#3527=AXIS2_PLACEMENT_3D('',#4461,#3782,#3783);
#3528=AXIS2_PLACEMENT_3D('',#4467,#3787,#3788);
#3529=AXIS2_PLACEMENT_3D('',#4471,#3791,#3792);
#3530=AXIS2_PLACEMENT_3D('',#4475,#3795,#3796);
#3531=AXIS2_PLACEMENT_3D('',#4479,#3799,#3800);
#3532=AXIS2_PLACEMENT_3D('',#4483,#3803,#3804);
#3533=AXIS2_PLACEMENT_3D('',#4487,#3807,#3808);
#3534=AXIS2_PLACEMENT_3D('',#4491,#3811,#3812);
#3535=AXIS2_PLACEMENT_3D('',#4493,#3814,#3815);
#3536=AXIS2_PLACEMENT_3D('',#4494,#3816,#3817);
#3537=AXIS2_PLACEMENT_3D('',#4496,#3818,#3819);
#3538=AXIS2_PLACEMENT_3D('',#4497,#3820,#3821);
#3539=AXIS2_PLACEMENT_3D('',#4499,#3822,#3823);
#3540=AXIS2_PLACEMENT_3D('',#4500,#3824,#3825);
#3541=AXIS2_PLACEMENT_3D('',#4502,#3826,#3827);
#3542=AXIS2_PLACEMENT_3D('',#4503,#3828,#3829);
#3543=AXIS2_PLACEMENT_3D('',#4505,#3830,#3831);
#3544=AXIS2_PLACEMENT_3D('',#4514,#3836,#3837);
#3545=AXIS2_PLACEMENT_3D('',#4520,#3841,#3842);
#3546=AXIS2_PLACEMENT_3D('',#4524,#3845,#3846);
#3547=AXIS2_PLACEMENT_3D('',#4528,#3849,#3850);
#3548=AXIS2_PLACEMENT_3D('',#4530,#3852,#3853);
#3549=AXIS2_PLACEMENT_3D('',#4539,#3858,#3859);
#3550=AXIS2_PLACEMENT_3D('',#4556,#3868,#3869);
#3551=AXIS2_PLACEMENT_3D('',#4559,#3871,#3872);
#3552=AXIS2_PLACEMENT_3D('',#4563,#3875,#3876);
#3553=AXIS2_PLACEMENT_3D('',#4570,#3880,#3881);
#3554=AXIS2_PLACEMENT_3D('',#4581,#3887,#3888);
#3555=AXIS2_PLACEMENT_3D('',#4590,#3893,#3894);
#3556=AXIS2_PLACEMENT_3D('',#4596,#3898,#3899);
#3557=AXIS2_PLACEMENT_3D('',#4605,#3904,#3905);
#3558=AXIS2_PLACEMENT_3D('',#4608,#3908,#3909);
#3559=AXIS2_PLACEMENT_3D('',#4609,#3910,#3911);
#3560=AXIS2_PLACEMENT_3D('',#4613,#3913,#3914);
#3561=AXIS2_PLACEMENT_3D('',#4614,#3915,#3916);
#3562=AXIS2_PLACEMENT_3D('',#4623,#3921,#3922);
#3563=AXIS2_PLACEMENT_3D('',#4629,#3926,#3927);
#3564=AXIS2_PLACEMENT_3D('',#4638,#3932,#3933);
#3565=AXIS2_PLACEMENT_3D('',#4641,#3936,#3937);
#3566=AXIS2_PLACEMENT_3D('',#4642,#3938,#3939);
#3567=AXIS2_PLACEMENT_3D('',#4646,#3941,#3942);
#3568=AXIS2_PLACEMENT_3D('',#4647,#3943,#3944);
#3569=AXIS2_PLACEMENT_3D('',#4653,#3948,#3949);
#3570=AXIS2_PLACEMENT_3D('',#4657,#3952,#3953);
#3571=AXIS2_PLACEMENT_3D('',#4658,#3954,#3955);
#3572=AXIS2_PLACEMENT_3D('',#4661,#3957,#3958);
#3573=AXIS2_PLACEMENT_3D('',#4665,#3961,#3962);
#3574=AXIS2_PLACEMENT_3D('',#4669,#3965,#3966);
#3575=AXIS2_PLACEMENT_3D('',#4673,#3969,#3970);
#3576=AXIS2_PLACEMENT_3D('',#4677,#3973,#3974);
#3577=AXIS2_PLACEMENT_3D('',#4686,#3979,#3980);
#3578=AXIS2_PLACEMENT_3D('',#4692,#3984,#3985);
#3579=AXIS2_PLACEMENT_3D('',#4696,#3988,#3989);
#3580=AXIS2_PLACEMENT_3D('',#4700,#3992,#3993);
#3581=AXIS2_PLACEMENT_3D('',#4702,#3995,#3996);
#3582=AXIS2_PLACEMENT_3D('',#4711,#4001,#4002);
#3583=AXIS2_PLACEMENT_3D('',#4719,#4007,#4008);
#3584=AXIS2_PLACEMENT_3D('',#4723,#4011,#4012);
#3585=AXIS2_PLACEMENT_3D('',#4727,#4015,#4016);
#3586=AXIS2_PLACEMENT_3D('',#4731,#4019,#4020);
#3587=AXIS2_PLACEMENT_3D('',#4735,#4023,#4024);
#3588=AXIS2_PLACEMENT_3D('',#4738,#4026,#4027);
#3589=AXIS2_PLACEMENT_3D('',#4739,#4028,#4029);
#3590=AXIS2_PLACEMENT_3D('',#4743,#4032,#4033);
#3591=AXIS2_PLACEMENT_3D('',#4747,#4036,#4037);
#3592=AXIS2_PLACEMENT_3D('',#4753,#4041,#4042);
#3593=AXIS2_PLACEMENT_3D('',#4754,#4043,#4044);
#3594=AXIS2_PLACEMENT_3D('',#4759,#4046,#4047);
#3595=AXIS2_PLACEMENT_3D('',#4762,#4049,#4050);
#3596=AXIS2_PLACEMENT_3D('',#4768,#4054,#4055);
#3597=AXIS2_PLACEMENT_3D('',#4769,#4056,#4057);
#3598=AXIS2_PLACEMENT_3D('',#4773,#4059,#4060);
#3599=AXIS2_PLACEMENT_3D('',#4774,#4061,#4062);
#3600=AXIS2_PLACEMENT_3D('',#4780,#4066,#4067);
#3601=AXIS2_PLACEMENT_3D('',#4789,#4072,#4073);
#3602=AXIS2_PLACEMENT_3D('',#4790,#4074,#4075);
#3603=AXIS2_PLACEMENT_3D('',#4794,#4077,#4078);
#3604=AXIS2_PLACEMENT_3D('',#4795,#4079,#4080);
#3605=AXIS2_PLACEMENT_3D('',#4801,#4084,#4085);
#3606=AXIS2_PLACEMENT_3D('',#4802,#4086,#4087);
#3607=AXIS2_PLACEMENT_3D('',#4806,#4089,#4090);
#3608=AXIS2_PLACEMENT_3D('',#4807,#4091,#4092);
#3609=AXIS2_PLACEMENT_3D('',#4813,#4096,#4097);
#3610=AXIS2_PLACEMENT_3D('',#4819,#4101,#4102);
#3611=AXIS2_PLACEMENT_3D('',#4825,#4106,#4107);
#3612=AXIS2_PLACEMENT_3D('',#4828,#4110,#4111);
#3613=AXIS2_PLACEMENT_3D('',#4829,#4112,#4113);
#3614=AXIS2_PLACEMENT_3D('',#4834,#4115,#4116);
#3615=AXIS2_PLACEMENT_3D('',#4837,#4118,#4119);
#3616=AXIS2_PLACEMENT_3D('',#4843,#4123,#4124);
#3617=AXIS2_PLACEMENT_3D('',#4844,#4125,#4126);
#3618=AXIS2_PLACEMENT_3D('',#4848,#4128,#4129);
#3619=AXIS2_PLACEMENT_3D('',#4849,#4130,#4131);
#3620=AXIS2_PLACEMENT_3D('',#4858,#4136,#4137);
#3621=AXIS2_PLACEMENT_3D('',#4859,#4138,#4139);
#3622=AXIS2_PLACEMENT_3D('',#4863,#4141,#4142);
#3623=AXIS2_PLACEMENT_3D('',#4864,#4143,#4144);
#3624=AXIS2_PLACEMENT_3D('',#4870,#4148,#4149);
#3625=AXIS2_PLACEMENT_3D('',#4871,#4150,#4151);
#3626=AXIS2_PLACEMENT_3D('',#4875,#4153,#4154);
#3627=AXIS2_PLACEMENT_3D('',#4876,#4155,#4156);
#3628=AXIS2_PLACEMENT_3D('',#4882,#4160,#4161);
#3629=AXIS2_PLACEMENT_3D('',#4888,#4165,#4166);
#3630=AXIS2_PLACEMENT_3D('',#4894,#4170,#4171);
#3631=AXIS2_PLACEMENT_3D('',#4897,#4174,#4175);
#3632=AXIS2_PLACEMENT_3D('',#4903,#4179,#4180);
#3633=AXIS2_PLACEMENT_3D('',#4912,#4185,#4186);
#3634=AXIS2_PLACEMENT_3D('',#4918,#4190,#4191);
#3635=AXIS2_PLACEMENT_3D('',#4922,#4194,#4195);
#3636=AXIS2_PLACEMENT_3D('',#4926,#4198,#4199);
#3637=AXIS2_PLACEMENT_3D('',#4928,#4201,#4202);
#3638=AXIS2_PLACEMENT_3D('',#4934,#4206,#4207);
#3639=AXIS2_PLACEMENT_3D('',#4938,#4210,#4211);
#3640=AXIS2_PLACEMENT_3D('',#4942,#4214,#4215);
#3641=AXIS2_PLACEMENT_3D('',#4944,#4217,#4218);
#3642=AXIS2_PLACEMENT_3D('',#4950,#4222,#4223);
#3643=AXIS2_PLACEMENT_3D('',#4955,#4227,#4228);
#3644=AXIS2_PLACEMENT_3D('',#4959,#4231,#4232);
#3645=AXIS2_PLACEMENT_3D('',#4963,#4235,#4236);
#3646=AXIS2_PLACEMENT_3D('',#4968,#4240,#4241);
#3647=AXIS2_PLACEMENT_3D('',#4972,#4244,#4245);
#3648=AXIS2_PLACEMENT_3D('',#4976,#4248,#4249);
#3649=AXIS2_PLACEMENT_3D('',#4978,#4251,#4252);
#3650=AXIS2_PLACEMENT_3D('',#4984,#4256,#4257);
#3651=AXIS2_PLACEMENT_3D('',#4988,#4260,#4261);
#3652=AXIS2_PLACEMENT_3D('',#4992,#4264,#4265);
#3653=AXIS2_PLACEMENT_3D('',#4994,#4267,#4268);
#3654=AXIS2_PLACEMENT_3D('',#5000,#4272,#4273);
#3655=AXIS2_PLACEMENT_3D('',#5004,#4276,#4277);
#3656=AXIS2_PLACEMENT_3D('',#5008,#4280,#4281);
#3657=AXIS2_PLACEMENT_3D('',#5010,#4283,#4284);
#3658=AXIS2_PLACEMENT_3D('',#5016,#4288,#4289);
#3659=AXIS2_PLACEMENT_3D('',#5020,#4292,#4293);
#3660=AXIS2_PLACEMENT_3D('',#5024,#4296,#4297);
#3661=AXIS2_PLACEMENT_3D('',#5026,#4299,#4300);
#3662=AXIS2_PLACEMENT_3D('',#5035,#4305,#4306);
#3663=AXIS2_PLACEMENT_3D('',#5041,#4310,#4311);
#3664=AXIS2_PLACEMENT_3D('',#5047,#4315,#4316);
#3665=AXIS2_PLACEMENT_3D('',#5050,#4319,#4320);
#3666=AXIS2_PLACEMENT_3D('',#5051,#4321,#4322);
#3667=AXIS2_PLACEMENT_3D('',#5052,#4323,#4324);
#3668=DIRECTION('',(0.,0.,1.));
#3669=DIRECTION('',(1.,0.,0.));
#3670=DIRECTION('',(-6.12303176911189E-17,-1.,0.));
#3671=DIRECTION('',(1.,-6.12303176911189E-17,0.));
#3672=DIRECTION('',(-6.12303176911189E-17,-1.,0.));
#3673=DIRECTION('',(1.,-6.12303176911189E-17,0.));
#3674=DIRECTION('',(-6.12303176911189E-17,-1.,0.));
#3675=DIRECTION('',(1.,-6.12303176911189E-17,0.));
#3676=DIRECTION('',(1.,-6.12303176911189E-17,0.));
#3677=DIRECTION('',(-6.12303176911189E-17,-1.,0.));
#3678=DIRECTION('',(1.,-6.12303176911189E-17,0.));
#3679=DIRECTION('',(-6.12303176911189E-17,-1.,0.));
#3680=DIRECTION('',(1.,-6.12303176911189E-17,0.));
#3681=DIRECTION('',(-6.12303176911189E-17,-1.,0.));
#3682=DIRECTION('',(1.,-6.12303176911189E-17,0.));
#3683=DIRECTION('',(-6.12303176911189E-17,-1.,0.));
#3684=DIRECTION('',(-6.12303176911189E-17,-1.,0.));
#3685=DIRECTION('',(1.,-6.12303176911189E-17,0.));
#3686=DIRECTION('',(-6.12303176911189E-17,-1.,0.));
#3687=DIRECTION('',(6.12303176911189E-17,1.,0.));
#3688=DIRECTION('',(-1.,6.12303176911189E-17,0.));
#3689=DIRECTION('',(-0.677671322891776,4.14940303908242E-17,0.73536492854236));
#3690=DIRECTION('',(-1.,6.12303176911189E-17,0.));
#3691=DIRECTION('',(-0.677671322891776,4.14940303908242E-17,-0.73536492854236));
#3692=DIRECTION('',(-1.47618047768482E-16,9.0386999618069E-33,-1.));
#3693=DIRECTION('',(-1.,6.12303176911189E-17,0.));
#3694=DIRECTION('',(5.43263690621238E-16,-3.32642083667881E-32,1.));
#3695=DIRECTION('',(1.,-6.12303176911189E-17,0.));
#3696=DIRECTION('',(0.,0.,-1.));
#3697=DIRECTION('',(-1.,6.12303176911189E-17,0.));
#3698=DIRECTION('',(-1.47618047768482E-16,9.0386999618069E-33,1.));
#3699=DIRECTION('',(0.677671322891776,-4.14940303908242E-17,0.73536492854236));
#3700=DIRECTION('',(-1.47618047768482E-16,9.0386999618069E-33,1.));
#3701=DIRECTION('',(1.,-6.12303176911189E-17,-1.10107452945354E-32));
#3702=DIRECTION('',(0.,0.,-1.));
#3703=DIRECTION('',(-1.,6.12303176911189E-17,0.));
#3704=DIRECTION('',(5.43263690621238E-16,-3.32642083667881E-32,1.));
#3705=DIRECTION('',(1.,-6.12303176911189E-17,-1.10107452945354E-32));
#3706=DIRECTION('',(-1.47618047768482E-16,9.0386999618069E-33,-1.));
#3707=DIRECTION('',(0.677671322891776,-4.14940303908242E-17,-0.73536492854236));
#3708=DIRECTION('',(1.,-6.12303176911189E-17,0.));
#3709=DIRECTION('',(-1.,6.12303176911189E-17,0.));
#3710=DIRECTION('',(-6.12303176911189E-17,-1.,0.));
#3711=DIRECTION('',(1.,-6.12303176911189E-17,0.));
#3712=DIRECTION('',(-6.12303176911189E-17,-1.,0.));
#3713=DIRECTION('',(1.,-6.12303176911189E-17,0.));
#3714=DIRECTION('',(-6.12303176911189E-17,-1.,0.));
#3715=DIRECTION('',(1.,-6.12303176911189E-17,0.));
#3716=DIRECTION('',(-6.12303176911189E-17,-1.,0.));
#3717=DIRECTION('',(1.,-6.12303176911189E-17,0.));
#3718=DIRECTION('',(-6.12303176911189E-17,-1.,0.));
#3719=DIRECTION('',(1.,-6.12303176911189E-17,0.));
#3720=DIRECTION('',(1.,0.,-5.43263690621238E-16));
#3721=DIRECTION('',(-5.43263690621238E-16,0.,-1.));
#3722=DIRECTION('',(0.,1.,0.));
#3723=DIRECTION('',(-5.43263690621238E-16,0.,-1.));
#3724=DIRECTION('',(-9.76924234718998E-32,-1.,-1.79825055784946E-16));
#3725=DIRECTION('',(0.,0.,1.));
#3726=DIRECTION('',(1.,0.,0.));
#3727=DIRECTION('',(0.,1.,0.));
#3728=DIRECTION('',(1.,0.,0.));
#3729=DIRECTION('',(-1.,0.,0.));
#3730=DIRECTION('',(0.,0.,1.));
#3731=DIRECTION('',(0.,1.,1.79825055784946E-16));
#3732=DIRECTION('',(0.,0.,1.));
#3733=DIRECTION('',(-1.,0.,0.));
#3734=DIRECTION('',(0.,0.,1.));
#3735=DIRECTION('',(0.,1.,0.));
#3736=DIRECTION('',(0.,0.,1.));
#3737=DIRECTION('',(0.,-1.,0.));
#3738=DIRECTION('',(0.,0.,-1.));
#3739=DIRECTION('',(-1.,0.,0.));
#3740=DIRECTION('',(0.,1.,0.));
#3741=DIRECTION('',(-1.,0.,0.));
#3742=DIRECTION('',(1.,0.,-5.43263690621238E-16));
#3743=DIRECTION('',(-5.43263690621238E-16,0.,-1.));
#3744=DIRECTION('',(0.,1.,0.));
#3745=DIRECTION('',(-5.43263690621238E-16,0.,-1.));
#3746=DIRECTION('',(0.,0.,1.));
#3747=DIRECTION('',(1.,0.,0.));
#3748=DIRECTION('',(0.,1.,0.));
#3749=DIRECTION('',(-1.,0.,0.));
#3750=DIRECTION('',(0.,1.79825055784946E-16,-1.));
#3751=DIRECTION('',(0.,1.,1.79825055784946E-16));
#3752=DIRECTION('',(-2.65454236748321E-32,-1.,-1.79825055784946E-16));
#3753=DIRECTION('',(-1.,0.,0.));
#3754=DIRECTION('',(0.,1.79825055784946E-16,-1.));
#3755=DIRECTION('',(0.,1.,1.79825055784946E-16));
#3756=DIRECTION('',(-2.65454236748321E-32,1.,1.79825055784946E-16));
#3757=DIRECTION('',(-1.,0.,0.));
#3758=DIRECTION('',(0.,1.,0.));
#3759=DIRECTION('',(0.,0.,1.));
#3760=DIRECTION('',(-1.47618047768482E-16,0.,1.));
#3761=DIRECTION('',(-1.,0.,0.));
#3762=DIRECTION('',(-1.47618047768482E-16,0.,-1.));
#3763=DIRECTION('',(0.,0.,1.));
#3764=DIRECTION('',(1.,0.,0.));
#3765=DIRECTION('',(0.,-1.,0.));
#3766=DIRECTION('',(0.,-1.,0.));
#3767=DIRECTION('',(0.,0.,-1.));
#3768=DIRECTION('',(0.,-1.,0.));
#3769=DIRECTION('',(1.,0.,0.));
#3770=DIRECTION('',(0.,1.,0.));
#3771=DIRECTION('',(0.,0.,1.));
#3772=DIRECTION('',(0.,1.,0.));
#3773=DIRECTION('',(1.,0.,0.));
#3774=DIRECTION('',(0.,-1.,0.));
#3775=DIRECTION('',(0.,0.,-1.));
#3776=DIRECTION('',(0.,-1.,0.));
#3777=DIRECTION('',(1.,0.,0.));
#3778=DIRECTION('',(0.,1.,0.));
#3779=DIRECTION('',(0.,0.,1.));
#3780=DIRECTION('',(0.,1.,0.));
#3781=DIRECTION('',(1.,0.,0.));
#3782=DIRECTION('',(0.,0.,1.));
#3783=DIRECTION('',(1.,0.,0.));
#3784=DIRECTION('',(0.,1.,0.));
#3785=DIRECTION('',(1.,0.,0.));
#3786=DIRECTION('',(0.,1.,0.));
#3787=DIRECTION('',(-0.73536492854236,0.,0.677671322891776));
#3788=DIRECTION('',(0.677671322891776,0.,0.73536492854236));
#3789=DIRECTION('',(0.677671322891776,0.,0.73536492854236));
#3790=DIRECTION('',(0.,1.,0.));
#3791=DIRECTION('',(-1.,0.,1.47618047768482E-16));
#3792=DIRECTION('',(1.47618047768482E-16,0.,1.));
#3793=DIRECTION('',(1.47618047768482E-16,0.,1.));
#3794=DIRECTION('',(0.,1.,0.));
#3795=DIRECTION('',(-0.73536492854236,0.,-0.677671322891776));
#3796=DIRECTION('',(-0.677671322891776,0.,0.73536492854236));
#3797=DIRECTION('',(-0.677671322891776,0.,0.73536492854236));
#3798=DIRECTION('',(0.,1.,0.));
#3799=DIRECTION('',(0.,0.,-1.));
#3800=DIRECTION('',(-1.,0.,0.));
#3801=DIRECTION('',(-1.,0.,0.));
#3802=DIRECTION('',(0.,1.,0.));
#3803=DIRECTION('',(0.73536492854236,0.,-0.677671322891776));
#3804=DIRECTION('',(-0.677671322891776,0.,-0.73536492854236));
#3805=DIRECTION('',(-0.677671322891776,0.,-0.73536492854236));
#3806=DIRECTION('',(0.,1.,0.));
#3807=DIRECTION('',(1.,0.,1.47618047768482E-16));
#3808=DIRECTION('',(1.47618047768482E-16,0.,-1.));
#3809=DIRECTION('',(1.47618047768482E-16,0.,-1.));
#3810=DIRECTION('',(0.,1.,0.));
#3811=DIRECTION('',(0.73536492854236,0.,0.677671322891776));
#3812=DIRECTION('',(0.677671322891776,0.,-0.73536492854236));
#3813=DIRECTION('',(0.677671322891776,0.,-0.73536492854236));
#3814=DIRECTION('',(0.,1.,0.));
#3815=DIRECTION('',(0.,0.,1.));
#3816=DIRECTION('',(0.,-1.,0.));
#3817=DIRECTION('',(1.,0.,0.));
#3818=DIRECTION('',(0.,1.,0.));
#3819=DIRECTION('',(0.,0.,1.));
#3820=DIRECTION('',(0.,-1.,0.));
#3821=DIRECTION('',(0.,0.,-1.));
#3822=DIRECTION('',(0.,1.,0.));
#3823=DIRECTION('',(0.,0.,1.));
#3824=DIRECTION('',(0.,-1.,0.));
#3825=DIRECTION('',(1.,0.,0.));
#3826=DIRECTION('',(0.,1.,0.));
#3827=DIRECTION('',(0.,0.,1.));
#3828=DIRECTION('',(0.,-1.,0.));
#3829=DIRECTION('',(0.,0.,-1.));
#3830=DIRECTION('',(0.,-1.,0.));
#3831=DIRECTION('',(0.,0.,-1.));
#3832=DIRECTION('',(1.,0.,0.));
#3833=DIRECTION('',(0.,0.,1.));
#3834=DIRECTION('',(-1.,0.,0.));
#3835=DIRECTION('',(0.,0.,-1.));
#3836=DIRECTION('',(-1.,0.,0.));
#3837=DIRECTION('',(0.,0.,1.));
#3838=DIRECTION('',(0.,0.,1.));
#3839=DIRECTION('',(0.,-1.,0.));
#3840=DIRECTION('',(0.,-1.,0.));
#3841=DIRECTION('',(0.,0.,-1.));
#3842=DIRECTION('',(-1.,0.,0.));
#3843=DIRECTION('',(-1.,0.,0.));
#3844=DIRECTION('',(0.,-1.,0.));
#3845=DIRECTION('',(1.,0.,0.));
#3846=DIRECTION('',(0.,0.,-1.));
#3847=DIRECTION('',(0.,0.,-1.));
#3848=DIRECTION('',(0.,-1.,0.));
#3849=DIRECTION('',(0.,0.,1.));
#3850=DIRECTION('',(1.,0.,0.));
#3851=DIRECTION('',(1.,0.,0.));
#3852=DIRECTION('',(0.,0.414640034057782,0.909985517553198));
#3853=DIRECTION('',(0.,-0.909985517553198,0.414640034057782));
#3854=DIRECTION('',(5.57187023340995E-17,0.909985517553198,-0.414640034057782));
#3855=DIRECTION('',(-1.,0.,0.));
#3856=DIRECTION('',(5.57187023340995E-17,0.909985517553198,-0.414640034057782));
#3857=DIRECTION('',(-1.,0.,0.));
#3858=DIRECTION('',(-1.,6.12303176911189E-17,0.));
#3859=DIRECTION('',(-6.12303176911189E-17,-1.,0.));
#3860=DIRECTION('',(-4.2580043030541E-17,-0.695407841019859,0.718615289739997));
#3861=DIRECTION('',(-6.12303176911189E-17,-1.,0.));
#3862=DIRECTION('',(1.97694337086871E-17,0.322870016915731,-0.946443316938123));
#3863=DIRECTION('',(6.12303176911189E-17,1.,0.));
#3864=DIRECTION('',(-3.76994960931595E-17,-0.615699828365052,0.787980787425205));
#3865=DIRECTION('',(0.,0.,1.));
#3866=DIRECTION('',(-4.37219660686032E-17,-0.714057475402333,0.700087081599172));
#3867=DIRECTION('',(-6.12303176911189E-17,-1.,0.));
#3868=DIRECTION('',(-1.,6.12303176911189E-17,0.));
#3869=DIRECTION('',(-6.12303176911189E-17,-1.,0.));
#3870=DIRECTION('',(0.,0.,1.));
#3871=DIRECTION('',(0.,0.946443316938123,0.322870016915731));
#3872=DIRECTION('',(0.,-0.322870016915731,0.946443316938123));
#3873=DIRECTION('',(1.97694337086871E-17,0.322870016915731,-0.946443316938123));
#3874=DIRECTION('',(-1.,0.,0.));
#3875=DIRECTION('',(-1.,6.12303176911189E-17,0.));
#3876=DIRECTION('',(-6.12303176911189E-17,-1.,0.));
#3877=DIRECTION('',(-6.12303176911189E-17,-1.,0.));
#3878=DIRECTION('',(-4.2580043030541E-17,-0.695407841019859,0.718615289739997));
#3879=DIRECTION('',(0.,0.,1.));
#3880=DIRECTION('',(-1.,6.12303176911189E-17,0.));
#3881=DIRECTION('',(-6.12303176911189E-17,-1.,0.));
#3882=DIRECTION('',(-6.12303176911189E-17,-1.,0.));
#3883=DIRECTION('',(-4.37219660686032E-17,-0.714057475402333,0.700087081599172));
#3884=DIRECTION('',(0.,0.,1.));
#3885=DIRECTION('',(-3.76994960931595E-17,-0.615699828365052,0.787980787425205));
#3886=DIRECTION('',(6.12303176911189E-17,1.,0.));
#3887=DIRECTION('',(0.,0.307164323420077,0.951656491817234));
#3888=DIRECTION('',(0.,-0.951656491817235,0.307164323420077));
#3889=DIRECTION('',(5.82702293267849E-17,0.951656491817235,-0.307164323420077));
#3890=DIRECTION('',(-1.,0.,0.));
#3891=DIRECTION('',(5.82702293267849E-17,0.951656491817235,-0.307164323420077));
#3892=DIRECTION('',(-1.,0.,0.));
#3893=DIRECTION('',(0.,-0.951656491817234,0.307164323420078));
#3894=DIRECTION('',(0.,-0.307164323420078,-0.951656491817234));
#3895=DIRECTION('',(1.88077691063889E-17,0.307164323420078,0.951656491817234));
#3896=DIRECTION('',(-1.,0.,0.));
#3897=DIRECTION('',(1.88077691063889E-17,0.307164323420078,0.951656491817234));
#3898=DIRECTION('',(0.,1.,0.));
#3899=DIRECTION('',(0.,0.,1.));
#3900=DIRECTION('',(0.,0.,-1.));
#3901=DIRECTION('',(-1.,0.,0.));
#3902=DIRECTION('',(0.,0.,-1.));
#3903=DIRECTION('',(-1.,0.,0.));
#3904=DIRECTION('',(0.,0.951656491817235,-0.307164323420077));
#3905=DIRECTION('',(0.,0.307164323420077,0.951656491817235));
#3906=DIRECTION('',(-1.88077691063889E-17,-0.307164323420077,-0.951656491817235));
#3907=DIRECTION('',(-1.88077691063889E-17,-0.307164323420077,-0.951656491817235));
#3908=DIRECTION('',(-1.,0.,0.));
#3909=DIRECTION('',(0.,0.,1.));
#3910=DIRECTION('',(1.,-6.12303176911189E-17,0.));
#3911=DIRECTION('',(-6.12303176911189E-17,-1.,0.));
#3912=DIRECTION('',(-1.,0.,0.));
#3913=DIRECTION('',(1.,-6.12303176911189E-17,0.));
#3914=DIRECTION('',(-6.12303176911189E-17,-1.,0.));
#3915=DIRECTION('',(0.,0.307164323420077,0.951656491817234));
#3916=DIRECTION('',(0.,-0.951656491817235,0.307164323420077));
#3917=DIRECTION('',(5.82702293267849E-17,0.951656491817235,-0.307164323420077));
#3918=DIRECTION('',(-1.,0.,0.));
#3919=DIRECTION('',(5.82702293267849E-17,0.951656491817235,-0.307164323420077));
#3920=DIRECTION('',(-1.,0.,0.));
#3921=DIRECTION('',(0.,-0.951656491817234,0.307164323420078));
#3922=DIRECTION('',(0.,-0.307164323420078,-0.951656491817234));
#3923=DIRECTION('',(1.88077691063889E-17,0.307164323420078,0.951656491817234));
#3924=DIRECTION('',(-1.,0.,0.));
#3925=DIRECTION('',(1.88077691063889E-17,0.307164323420078,0.951656491817234));
#3926=DIRECTION('',(0.,1.,0.));
#3927=DIRECTION('',(0.,0.,1.));
#3928=DIRECTION('',(0.,0.,-1.));
#3929=DIRECTION('',(-1.,0.,0.));
#3930=DIRECTION('',(0.,0.,-1.));
#3931=DIRECTION('',(-1.,0.,0.));
#3932=DIRECTION('',(0.,0.951656491817235,-0.307164323420077));
#3933=DIRECTION('',(0.,0.307164323420077,0.951656491817235));
#3934=DIRECTION('',(-1.88077691063889E-17,-0.307164323420077,-0.951656491817235));
#3935=DIRECTION('',(-1.88077691063889E-17,-0.307164323420077,-0.951656491817235));
#3936=DIRECTION('',(-1.,0.,0.));
#3937=DIRECTION('',(0.,0.,1.));
#3938=DIRECTION('',(1.,-6.12303176911189E-17,0.));
#3939=DIRECTION('',(-6.12303176911189E-17,-1.,0.));
#3940=DIRECTION('',(-1.,0.,0.));
#3941=DIRECTION('',(1.,-6.12303176911189E-17,0.));
#3942=DIRECTION('',(-6.12303176911189E-17,-1.,0.));
#3943=DIRECTION('',(0.,0.718615289739997,0.695407841019859));
#3944=DIRECTION('',(0.,-0.695407841019859,0.718615289739997));
#3945=DIRECTION('',(-1.,0.,0.));
#3946=DIRECTION('',(4.2580043030541E-17,0.695407841019859,-0.718615289739997));
#3947=DIRECTION('',(-1.,0.,0.));
#3948=DIRECTION('',(0.,1.,0.));
#3949=DIRECTION('',(0.,0.,1.));
#3950=DIRECTION('',(0.,0.,-1.));
#3951=DIRECTION('',(-1.,0.,0.));
#3952=DIRECTION('',(-1.,0.,0.));
#3953=DIRECTION('',(0.,0.,1.));
#3954=DIRECTION('',(-1.,6.12303176911189E-17,0.));
#3955=DIRECTION('',(-6.12303176911189E-17,-1.,0.));
#3956=DIRECTION('',(-1.,0.,0.));
#3957=DIRECTION('',(0.,0.,1.));
#3958=DIRECTION('',(1.,0.,0.));
#3959=DIRECTION('',(6.12303176911189E-17,1.,0.));
#3960=DIRECTION('',(-1.,0.,0.));
#3961=DIRECTION('',(0.,0.700087081599172,0.714057475402333));
#3962=DIRECTION('',(0.,-0.714057475402333,0.700087081599172));
#3963=DIRECTION('',(4.37219660686032E-17,0.714057475402333,-0.700087081599172));
#3964=DIRECTION('',(-1.,0.,0.));
#3965=DIRECTION('',(0.,1.,0.));
#3966=DIRECTION('',(0.,0.,1.));
#3967=DIRECTION('',(0.,0.,-1.));
#3968=DIRECTION('',(-1.,0.,0.));
#3969=DIRECTION('',(0.,0.787980787425205,0.615699828365051));
#3970=DIRECTION('',(0.,-0.615699828365052,0.787980787425205));
#3971=DIRECTION('',(3.76994960931595E-17,0.615699828365051,-0.787980787425205));
#3972=DIRECTION('',(-1.,0.,0.));
#3973=DIRECTION('',(3.61491523906968E-33,1.77113987419046E-16,-1.));
#3974=DIRECTION('',(0.,1.,1.77113987419046E-16));
#3975=DIRECTION('',(1.,-2.13417350724502E-49,3.61491523906968E-33));
#3976=DIRECTION('',(-4.26834701449004E-49,1.,1.77113987419046E-16));
#3977=DIRECTION('',(1.,-2.13417350724502E-49,3.61491523906968E-33));
#3978=DIRECTION('',(-6.12303176911189E-17,-1.,-1.77113987419046E-16));
#3979=DIRECTION('',(-1.,0.,0.));
#3980=DIRECTION('',(0.,0.,1.));
#3981=DIRECTION('',(0.,-1.23241829893651E-16,1.));
#3982=DIRECTION('',(0.,-1.,0.));
#3983=DIRECTION('',(0.,-1.,0.));
#3984=DIRECTION('',(0.,0.,-1.));
#3985=DIRECTION('',(-1.,0.,0.));
#3986=DIRECTION('',(-1.,0.,0.));
#3987=DIRECTION('',(0.,-1.,0.));
#3988=DIRECTION('',(1.,0.,0.));
#3989=DIRECTION('',(0.,0.,-1.));
#3990=DIRECTION('',(0.,1.23241829893651E-16,-1.));
#3991=DIRECTION('',(0.,-1.,0.));
#3992=DIRECTION('',(0.,0.,1.));
#3993=DIRECTION('',(1.,0.,0.));
#3994=DIRECTION('',(1.,0.,0.));
#3995=DIRECTION('',(3.61491523906968E-33,1.77113987419046E-16,-1.));
#3996=DIRECTION('',(0.,1.,1.77113987419046E-16));
#3997=DIRECTION('',(-6.12303176911189E-17,-1.,-1.77113987419046E-16));
#3998=DIRECTION('',(-1.,2.13417350724502E-49,-3.61491523906968E-33));
#3999=DIRECTION('',(4.26834701449004E-49,-1.,-1.77113987419046E-16));
#4000=DIRECTION('',(-1.,2.13417350724502E-49,-3.61491523906968E-33));
#4001=DIRECTION('',(0.,0.,1.));
#4002=DIRECTION('',(1.,0.,0.));
#4003=DIRECTION('',(6.12303176911189E-17,1.,0.));
#4004=DIRECTION('',(-1.,0.,0.));
#4005=DIRECTION('',(6.12303176911189E-17,1.,0.));
#4006=DIRECTION('',(-1.,0.,0.));
#4007=DIRECTION('',(0.,0.787980787425205,0.615699828365051));
#4008=DIRECTION('',(0.,-0.615699828365052,0.787980787425205));
#4009=DIRECTION('',(-1.,0.,0.));
#4010=DIRECTION('',(3.76994960931595E-17,0.615699828365051,-0.787980787425205));
#4011=DIRECTION('',(0.,1.,0.));
#4012=DIRECTION('',(0.,0.,1.));
#4013=DIRECTION('',(-1.,0.,0.));
#4014=DIRECTION('',(0.,0.,-1.));
#4015=DIRECTION('',(0.,0.700087081599172,0.714057475402333));
#4016=DIRECTION('',(0.,-0.714057475402333,0.700087081599172));
#4017=DIRECTION('',(-1.,0.,0.));
#4018=DIRECTION('',(4.37219660686032E-17,0.714057475402333,-0.700087081599172));
#4019=DIRECTION('',(0.,0.,1.));
#4020=DIRECTION('',(1.,0.,0.));
#4021=DIRECTION('',(-1.,0.,0.));
#4022=DIRECTION('',(6.12303176911189E-17,1.,0.));
#4023=DIRECTION('',(-1.,0.,0.));
#4024=DIRECTION('',(0.,0.,1.));
#4025=DIRECTION('',(-1.,0.,0.));
#4026=DIRECTION('',(-1.,6.12303176911189E-17,0.));
#4027=DIRECTION('',(-6.12303176911189E-17,-1.,0.));
#4028=DIRECTION('',(0.,1.,0.));
#4029=DIRECTION('',(0.,0.,1.));
#4030=DIRECTION('',(-1.,0.,0.));
#4031=DIRECTION('',(0.,0.,-1.));
#4032=DIRECTION('',(0.,0.718615289739997,0.695407841019859));
#4033=DIRECTION('',(0.,-0.695407841019859,0.718615289739997));
#4034=DIRECTION('',(-1.,0.,0.));
#4035=DIRECTION('',(4.2580043030541E-17,0.695407841019859,-0.718615289739997));
#4036=DIRECTION('',(0.,0.,1.));
#4037=DIRECTION('',(1.,0.,0.));
#4038=DIRECTION('',(6.12303176911189E-17,1.,0.));
#4039=DIRECTION('',(-1.,0.,0.));
#4040=DIRECTION('',(6.12303176911189E-17,1.,0.));
#4041=DIRECTION('',(-1.,0.,0.));
#4042=DIRECTION('',(0.,0.,1.));
#4043=DIRECTION('',(1.,-6.12303176911189E-17,0.));
#4044=DIRECTION('',(6.12303176911189E-17,1.,0.));
#4045=DIRECTION('',(-1.,0.,0.));
#4046=DIRECTION('',(1.,-6.12303176911189E-17,0.));
#4047=DIRECTION('',(6.12303176911189E-17,1.,0.));
#4048=DIRECTION('',(-1.,0.,0.));
#4049=DIRECTION('',(0.,1.,-1.82741216702549E-14));
#4050=DIRECTION('',(0.,1.82741216702549E-14,1.));
#4051=DIRECTION('',(-1.11893027539586E-30,-1.82741216702549E-14,-1.));
#4052=DIRECTION('',(-1.,0.,0.));
#4053=DIRECTION('',(-1.11893027539586E-30,-1.82741216702549E-14,-1.));
#4054=DIRECTION('',(-1.,0.,0.));
#4055=DIRECTION('',(0.,0.,1.));
#4056=DIRECTION('',(1.,-6.12303176911189E-17,0.));
#4057=DIRECTION('',(6.12303176911189E-17,1.,0.));
#4058=DIRECTION('',(-1.,0.,0.));
#4059=DIRECTION('',(1.,-6.12303176911189E-17,0.));
#4060=DIRECTION('',(6.12303176911189E-17,1.,0.));
#4061=DIRECTION('',(0.,0.872391321651866,-0.488808123813947));
#4062=DIRECTION('',(0.,0.488808123813947,0.872391321651866));
#4063=DIRECTION('',(-2.99298767111277E-17,-0.488808123813947,-0.872391321651866));
#4064=DIRECTION('',(-1.,0.,0.));
#4065=DIRECTION('',(-2.99298767111277E-17,-0.488808123813947,-0.872391321651866));
#4066=DIRECTION('',(0.,-0.873799910881649,0.486285631849454));
#4067=DIRECTION('',(0.,-0.486285631849454,-0.873799910881649));
#4068=DIRECTION('',(2.97754237267685E-17,0.486285631849454,0.873799910881649));
#4069=DIRECTION('',(-1.,0.,0.));
#4070=DIRECTION('',(2.97754237267685E-17,0.486285631849454,0.873799910881649));
#4071=DIRECTION('',(-1.,0.,0.));
#4072=DIRECTION('',(-1.,0.,0.));
#4073=DIRECTION('',(0.,0.,1.));
#4074=DIRECTION('',(-1.,6.12303176911189E-17,0.));
#4075=DIRECTION('',(6.12303176911189E-17,1.,0.));
#4076=DIRECTION('',(-1.,0.,0.));
#4077=DIRECTION('',(-1.,6.12303176911189E-17,0.));
#4078=DIRECTION('',(6.12303176911189E-17,1.,0.));
#4079=DIRECTION('',(0.,-1.,-2.10528509259911E-13));
#4080=DIRECTION('',(0.,2.10528509259911E-13,-1.));
#4081=DIRECTION('',(-1.2890727505022E-29,-2.10528509259911E-13,1.));
#4082=DIRECTION('',(-1.,0.,0.));
#4083=DIRECTION('',(-1.2890727505022E-29,-2.10528509259911E-13,1.));
#4084=DIRECTION('',(-1.,0.,0.));
#4085=DIRECTION('',(0.,0.,1.));
#4086=DIRECTION('',(-1.,6.12303176911189E-17,0.));
#4087=DIRECTION('',(6.12303176911189E-17,1.,0.));
#4088=DIRECTION('',(-1.,0.,0.));
#4089=DIRECTION('',(-1.,6.12303176911189E-17,0.));
#4090=DIRECTION('',(6.12303176911189E-17,1.,0.));
#4091=DIRECTION('',(0.,-0.896634294038026,-0.442771885687123));
#4092=DIRECTION('',(0.,0.442771885687123,-0.896634294038026));
#4093=DIRECTION('',(-2.71110632253183E-17,-0.442771885687123,0.896634294038026));
#4094=DIRECTION('',(-1.,0.,0.));
#4095=DIRECTION('',(-2.71110632253183E-17,-0.442771885687123,0.896634294038026));
#4096=DIRECTION('',(0.,0.,-1.));
#4097=DIRECTION('',(-1.,0.,0.));
#4098=DIRECTION('',(-6.12303176911189E-17,-1.,0.));
#4099=DIRECTION('',(-1.,0.,0.));
#4100=DIRECTION('',(-6.12303176911189E-17,-1.,0.));
#4101=DIRECTION('',(0.,0.45823939174609,-0.888828813581205));
#4102=DIRECTION('',(0.,0.888828813581205,0.458239391746091));
#4103=DIRECTION('',(-5.44232706285975E-17,-0.888828813581205,-0.458239391746091));
#4104=DIRECTION('',(-1.,0.,0.));
#4105=DIRECTION('',(-5.44232706285975E-17,-0.888828813581205,-0.458239391746091));
#4106=DIRECTION('',(0.,0.888828813581207,0.458239391746087));
#4107=DIRECTION('',(0.,-0.458239391746087,0.888828813581207));
#4108=DIRECTION('',(2.8058143535198E-17,0.458239391746087,-0.888828813581207));
#4109=DIRECTION('',(2.8058143535198E-17,0.458239391746087,-0.888828813581207));
#4110=DIRECTION('',(-1.,0.,0.));
#4111=DIRECTION('',(0.,0.,1.));
#4112=DIRECTION('',(1.,-6.12303176911189E-17,0.));
#4113=DIRECTION('',(6.12303176911189E-17,1.,0.));
#4114=DIRECTION('',(-1.,0.,0.));
#4115=DIRECTION('',(1.,-6.12303176911189E-17,0.));
#4116=DIRECTION('',(6.12303176911189E-17,1.,0.));
#4117=DIRECTION('',(-1.,0.,0.));
#4118=DIRECTION('',(0.,1.,-1.82741216702549E-14));
#4119=DIRECTION('',(0.,1.82741216702549E-14,1.));
#4120=DIRECTION('',(-1.11893027539586E-30,-1.82741216702549E-14,-1.));
#4121=DIRECTION('',(-1.,0.,0.));
#4122=DIRECTION('',(-1.11893027539586E-30,-1.82741216702549E-14,-1.));
#4123=DIRECTION('',(-1.,0.,0.));
#4124=DIRECTION('',(0.,0.,1.));
#4125=DIRECTION('',(1.,-6.12303176911189E-17,0.));
#4126=DIRECTION('',(6.12303176911189E-17,1.,0.));
#4127=DIRECTION('',(-1.,0.,0.));
#4128=DIRECTION('',(1.,-6.12303176911189E-17,0.));
#4129=DIRECTION('',(6.12303176911189E-17,1.,0.));
#4130=DIRECTION('',(0.,-0.873799910881649,0.486285631849454));
#4131=DIRECTION('',(0.,-0.486285631849454,-0.873799910881649));
#4132=DIRECTION('',(2.97754237267685E-17,0.486285631849454,0.873799910881649));
#4133=DIRECTION('',(-1.,0.,0.));
#4134=DIRECTION('',(2.97754237267685E-17,0.486285631849454,0.873799910881649));
#4135=DIRECTION('',(-1.,0.,0.));
#4136=DIRECTION('',(-1.,0.,0.));
#4137=DIRECTION('',(0.,0.,1.));
#4138=DIRECTION('',(-1.,6.12303176911189E-17,0.));
#4139=DIRECTION('',(6.12303176911189E-17,1.,0.));
#4140=DIRECTION('',(-1.,0.,0.));
#4141=DIRECTION('',(-1.,6.12303176911189E-17,0.));
#4142=DIRECTION('',(6.12303176911189E-17,1.,0.));
#4143=DIRECTION('',(0.,-1.,-2.10528509259911E-13));
#4144=DIRECTION('',(0.,2.10528509259911E-13,-1.));
#4145=DIRECTION('',(-1.2890727505022E-29,-2.10528509259911E-13,1.));
#4146=DIRECTION('',(-1.,0.,0.));
#4147=DIRECTION('',(-1.2890727505022E-29,-2.10528509259911E-13,1.));
#4148=DIRECTION('',(-1.,0.,0.));
#4149=DIRECTION('',(0.,0.,1.));
#4150=DIRECTION('',(-1.,6.12303176911189E-17,0.));
#4151=DIRECTION('',(6.12303176911189E-17,1.,0.));
#4152=DIRECTION('',(-1.,0.,0.));
#4153=DIRECTION('',(-1.,6.12303176911189E-17,0.));
#4154=DIRECTION('',(6.12303176911189E-17,1.,0.));
#4155=DIRECTION('',(0.,-0.896634294038026,-0.442771885687123));
#4156=DIRECTION('',(0.,0.442771885687123,-0.896634294038026));
#4157=DIRECTION('',(-2.71110632253183E-17,-0.442771885687123,0.896634294038026));
#4158=DIRECTION('',(-1.,0.,0.));
#4159=DIRECTION('',(-2.71110632253183E-17,-0.442771885687123,0.896634294038026));
#4160=DIRECTION('',(0.,0.,-1.));
#4161=DIRECTION('',(-1.,0.,0.));
#4162=DIRECTION('',(-6.12303176911189E-17,-1.,0.));
#4163=DIRECTION('',(-1.,0.,0.));
#4164=DIRECTION('',(-6.12303176911189E-17,-1.,0.));
#4165=DIRECTION('',(0.,0.45823939174609,-0.888828813581205));
#4166=DIRECTION('',(0.,0.888828813581205,0.458239391746091));
#4167=DIRECTION('',(-5.44232706285975E-17,-0.888828813581205,-0.458239391746091));
#4168=DIRECTION('',(-1.,0.,0.));
#4169=DIRECTION('',(-5.44232706285975E-17,-0.888828813581205,-0.458239391746091));
#4170=DIRECTION('',(0.,0.888828813581207,0.458239391746087));
#4171=DIRECTION('',(0.,-0.458239391746087,0.888828813581207));
#4172=DIRECTION('',(2.8058143535198E-17,0.458239391746087,-0.888828813581207));
#4173=DIRECTION('',(2.8058143535198E-17,0.458239391746087,-0.888828813581207));
#4174=DIRECTION('',(0.,0.872391321651866,-0.488808123813947));
#4175=DIRECTION('',(0.,0.488808123813947,0.872391321651866));
#4176=DIRECTION('',(-2.99298767111277E-17,-0.488808123813947,-0.872391321651866));
#4177=DIRECTION('',(-1.,0.,0.));
#4178=DIRECTION('',(-2.99298767111277E-17,-0.488808123813947,-0.872391321651866));
#4179=DIRECTION('',(0.,0.,-1.));
#4180=DIRECTION('',(-1.,0.,0.));
#4181=DIRECTION('',(-6.12303176911189E-17,-1.,0.));
#4182=DIRECTION('',(-1.,0.,0.));
#4183=DIRECTION('',(-6.12303176911189E-17,-1.,0.));
#4184=DIRECTION('',(-1.,0.,0.));
#4185=DIRECTION('',(1.,-6.12303176911189E-17,0.));
#4186=DIRECTION('',(6.12303176911189E-17,1.,0.));
#4187=DIRECTION('',(-2.28075034454587E-17,-0.372487099618084,0.928037370270243));
#4188=DIRECTION('',(-6.12303176911189E-17,-1.,-1.28507420084558E-16));
#4189=DIRECTION('',(2.38789529138993E-17,0.389985775255301,-0.920820881115607));
#4190=DIRECTION('',(0.,0.920820881115607,0.389985775255301));
#4191=DIRECTION('',(0.,-0.389985775255301,0.920820881115607));
#4192=DIRECTION('',(2.38789529138993E-17,0.389985775255301,-0.920820881115607));
#4193=DIRECTION('',(1.,0.,0.));
#4194=DIRECTION('',(1.,-6.12303176911189E-17,0.));
#4195=DIRECTION('',(6.12303176911189E-17,1.,0.));
#4196=DIRECTION('',(-6.12303176911189E-17,-1.,-1.28507420084558E-16));
#4197=DIRECTION('',(-2.28075034454587E-17,-0.372487099618084,0.928037370270243));
#4198=DIRECTION('',(0.,-0.928037370270243,-0.372487099618084));
#4199=DIRECTION('',(0.,0.372487099618084,-0.928037370270243));
#4200=DIRECTION('',(-1.,0.,0.));
#4201=DIRECTION('',(1.,-6.12303176911189E-17,0.));
#4202=DIRECTION('',(6.12303176911189E-17,1.,0.));
#4203=DIRECTION('',(-2.28075034454587E-17,-0.372487099618084,0.928037370270243));
#4204=DIRECTION('',(-6.12303176911189E-17,-1.,-1.28507420084558E-16));
#4205=DIRECTION('',(2.38789529138993E-17,0.389985775255301,-0.920820881115607));
#4206=DIRECTION('',(0.,0.920820881115607,0.389985775255301));
#4207=DIRECTION('',(0.,-0.389985775255301,0.920820881115607));
#4208=DIRECTION('',(2.38789529138993E-17,0.389985775255301,-0.920820881115607));
#4209=DIRECTION('',(1.,0.,0.));
#4210=DIRECTION('',(1.,-6.12303176911189E-17,0.));
#4211=DIRECTION('',(6.12303176911189E-17,1.,0.));
#4212=DIRECTION('',(-6.12303176911189E-17,-1.,-1.28507420084558E-16));
#4213=DIRECTION('',(-2.28075034454587E-17,-0.372487099618084,0.928037370270243));
#4214=DIRECTION('',(0.,-0.928037370270243,-0.372487099618084));
#4215=DIRECTION('',(0.,0.372487099618084,-0.928037370270243));
#4216=DIRECTION('',(-1.,0.,0.));
#4217=DIRECTION('',(0.,1.,0.));
#4218=DIRECTION('',(0.,0.,1.));
#4219=DIRECTION('',(0.,0.,-1.));
#4220=DIRECTION('',(0.,0.,-1.));
#4221=DIRECTION('',(-1.,0.,0.));
#4222=DIRECTION('',(-1.,6.12303176911189E-17,0.));
#4223=DIRECTION('',(-6.12303176911189E-17,-1.,0.));
#4224=DIRECTION('',(-4.72383104281885E-98,-7.71485633415881E-82,1.));
#4225=DIRECTION('',(-7.54613639722309E-33,-1.23241829893651E-16,1.));
#4226=DIRECTION('',(-6.12303176911189E-17,-1.,-1.28507420084558E-16));
#4227=DIRECTION('',(-2.13417350724502E-49,-1.,-7.71485633415881E-82));
#4228=DIRECTION('',(1.,-2.13417350724502E-49,0.));
#4229=DIRECTION('',(1.,-2.13417350724502E-49,3.61491523906968E-33));
#4230=DIRECTION('',(3.61491523906968E-33,0.,-1.));
#4231=DIRECTION('',(-1.,2.13417350724502E-49,-3.61491523906968E-33));
#4232=DIRECTION('',(-3.61491523906968E-33,0.,1.));
#4233=DIRECTION('',(3.61491523906968E-33,1.23241829893651E-16,-1.));
#4234=DIRECTION('',(-2.51126080472696E-49,1.,1.28507420084558E-16));
#4235=DIRECTION('',(0.,-1.,-1.23241829893651E-16));
#4236=DIRECTION('',(0.,1.23241829893651E-16,-1.));
#4237=DIRECTION('',(-3.61491523906968E-33,-1.23241829893651E-16,1.));
#4238=DIRECTION('',(-7.54613639722309E-33,-1.23241829893651E-16,1.));
#4239=DIRECTION('',(-1.,0.,0.));
#4240=DIRECTION('',(1.,-2.13417350724502E-49,3.61491523906968E-33));
#4241=DIRECTION('',(3.61491523906968E-33,0.,-1.));
#4242=DIRECTION('',(-3.61491523906968E-33,0.,1.));
#4243=DIRECTION('',(2.51126080472696E-49,-1.,-1.28507420084558E-16));
#4244=DIRECTION('',(-2.13417350724502E-49,-1.,-7.71485633415882E-82));
#4245=DIRECTION('',(1.,-2.13417350724502E-49,0.));
#4246=DIRECTION('',(-4.72383104281885E-98,-7.71485633415882E-82,1.));
#4247=DIRECTION('',(-1.,2.13417350724502E-49,-3.61491523906968E-33));
#4248=DIRECTION('',(-1.,6.12303176911189E-17,0.));
#4249=DIRECTION('',(-6.12303176911189E-17,-1.,0.));
#4250=DIRECTION('',(-6.12303176911189E-17,-1.,0.));
#4251=DIRECTION('',(0.,1.,0.));
#4252=DIRECTION('',(0.,0.,1.));
#4253=DIRECTION('',(0.,0.,-1.));
#4254=DIRECTION('',(1.,0.,0.));
#4255=DIRECTION('',(0.,0.,-1.));
#4256=DIRECTION('',(-1.,6.12303176911189E-17,0.));
#4257=DIRECTION('',(-6.12303176911189E-17,-1.,0.));
#4258=DIRECTION('',(6.12303176911189E-17,1.,1.28507420084558E-16));
#4259=DIRECTION('',(-1.81739357938106E-18,-0.029681269800837,0.999559414053517));
#4260=DIRECTION('',(0.,-0.999559414053517,-0.029681269800837));
#4261=DIRECTION('',(0.,0.029681269800837,-0.999559414053517));
#4262=DIRECTION('',(-1.81739357938106E-18,-0.029681269800837,0.999559414053517));
#4263=DIRECTION('',(-1.,0.,0.));
#4264=DIRECTION('',(-1.,6.12303176911189E-17,0.));
#4265=DIRECTION('',(-6.12303176911189E-17,-1.,0.));
#4266=DIRECTION('',(6.12303176911189E-17,1.,1.28507420084558E-16));
#4267=DIRECTION('',(-1.,6.12303176911189E-17,0.));
#4268=DIRECTION('',(-6.12303176911189E-17,-1.,0.));
#4269=DIRECTION('',(0.,0.,-1.));
#4270=DIRECTION('',(6.12303176911189E-17,1.,1.28507420084558E-16));
#4271=DIRECTION('',(-1.81739357938106E-18,-0.029681269800837,0.999559414053517));
#4272=DIRECTION('',(0.,-0.999559414053517,-0.029681269800837));
#4273=DIRECTION('',(0.,0.029681269800837,-0.999559414053517));
#4274=DIRECTION('',(-1.81739357938106E-18,-0.029681269800837,0.999559414053517));
#4275=DIRECTION('',(-1.,0.,0.));
#4276=DIRECTION('',(-1.,6.12303176911189E-17,0.));
#4277=DIRECTION('',(-6.12303176911189E-17,-1.,0.));
#4278=DIRECTION('',(6.12303176911189E-17,1.,1.28507420084558E-16));
#4279=DIRECTION('',(0.,0.,-1.));
#4280=DIRECTION('',(0.,1.,0.));
#4281=DIRECTION('',(0.,0.,1.));
#4282=DIRECTION('',(1.,0.,0.));
#4283=DIRECTION('',(0.,1.,-3.52776671772428E-16));
#4284=DIRECTION('',(0.,3.52776671772428E-16,1.));
#4285=DIRECTION('',(-2.16006276866413E-32,-3.52776671772428E-16,-1.));
#4286=DIRECTION('',(1.,0.,0.));
#4287=DIRECTION('',(-2.16006276866413E-32,-3.52776671772428E-16,-1.));
#4288=DIRECTION('',(-1.,6.12303176911189E-17,0.));
#4289=DIRECTION('',(-6.12303176911189E-17,-1.,0.));
#4290=DIRECTION('',(2.16006276866413E-32,3.52776671772428E-16,1.));
#4291=DIRECTION('',(6.12303176911189E-17,1.,1.28507420084558E-16));
#4292=DIRECTION('',(0.,-1.,3.52776671772428E-16));
#4293=DIRECTION('',(0.,-3.52776671772428E-16,-1.));
#4294=DIRECTION('',(2.16006276866413E-32,3.52776671772428E-16,1.));
#4295=DIRECTION('',(-1.,0.,0.));
#4296=DIRECTION('',(-1.,6.12303176911189E-17,0.));
#4297=DIRECTION('',(-6.12303176911189E-17,-1.,0.));
#4298=DIRECTION('',(6.12303176911189E-17,1.,1.28507420084558E-16));
#4299=DIRECTION('',(0.,1.28507420084558E-16,-1.));
#4300=DIRECTION('',(0.,1.,1.28507420084558E-16));
#4301=DIRECTION('',(6.12303176911189E-17,1.,1.28507420084558E-16));
#4302=DIRECTION('',(-1.,0.,0.));
#4303=DIRECTION('',(6.12303176911189E-17,1.,1.28507420084558E-16));
#4304=DIRECTION('',(1.,0.,0.));
#4305=DIRECTION('',(0.,-1.,3.52776671772428E-16));
#4306=DIRECTION('',(0.,-3.52776671772428E-16,-1.));
#4307=DIRECTION('',(2.16006276866413E-32,3.52776671772428E-16,1.));
#4308=DIRECTION('',(-1.,0.,0.));
#4309=DIRECTION('',(2.16006276866413E-32,3.52776671772428E-16,1.));
#4310=DIRECTION('',(0.,1.,-3.52776671772428E-16));
#4311=DIRECTION('',(0.,3.52776671772428E-16,1.));
#4312=DIRECTION('',(-2.16006276866413E-32,-3.52776671772428E-16,-1.));
#4313=DIRECTION('',(-2.16006276866413E-32,-3.52776671772428E-16,-1.));
#4314=DIRECTION('',(-1.,0.,0.));
#4315=DIRECTION('',(0.,0.,-1.));
#4316=DIRECTION('',(-1.,0.,0.));
#4317=DIRECTION('',(-6.12303176911189E-17,-1.,0.));
#4318=DIRECTION('',(-6.12303176911189E-17,-1.,0.));
#4319=DIRECTION('',(-1.,6.12303176911189E-17,0.));
#4320=DIRECTION('',(-6.12303176911189E-17,-1.,0.));
#4321=DIRECTION('',(-1.,6.12303176911189E-17,0.));
#4322=DIRECTION('',(-6.12303176911189E-17,-1.,0.));
#4323=DIRECTION('',(0.,0.,-1.));
#4324=DIRECTION('',(-1.,0.,0.));
#4325=CARTESIAN_POINT('',(0.,0.,0.));
#4326=CARTESIAN_POINT('',(-2.01200591234335E-16,-3.28596353605917,2.27348477486353));
#4327=CARTESIAN_POINT('',(-2.01200591234335E-16,-3.28596353605917,-1.73472347597681E-15));
#4328=CARTESIAN_POINT('',(2.27348477486354,-3.28596353605917,-1.73472347597681E-15));
#4329=CARTESIAN_POINT('',(-2.01200591234335E-16,-3.28596353605917,-1.73472347597681E-15));
#4330=CARTESIAN_POINT('',(1.48178962484861,-3.28596353605917,-3.15616836318715));
#4331=CARTESIAN_POINT('',(-1.48178962484862,-3.28596353605917,-3.15616836318715));
#4332=CARTESIAN_POINT('',(-2.01200591234335E-16,-3.28596353605917,-3.15616836318715));
#4333=CARTESIAN_POINT('',(-1.84600122084341E-16,-3.0148483471141,-1.73472347597681E-15));
#4334=CARTESIAN_POINT('',(-1.84600122084341E-16,-3.0148483471141,-1.73472347597681E-15));
#4335=CARTESIAN_POINT('',(2.03955885759503,-3.0148483471141,-3.15616836318715));
#4336=CARTESIAN_POINT('',(-2.03955885759503,-3.0148483471141,-3.15616836318715));
#4337=CARTESIAN_POINT('',(-2.03955885759749,-3.0148483471141,-3.15616836318715));
#4338=CARTESIAN_POINT('',(-2.03955885759749,-3.12765691915427,-3.15616836318715));
#4339=CARTESIAN_POINT('',(-1.80967635043991,-3.27033099544117,-3.15616836318715));
#4340=CARTESIAN_POINT('',(-1.59318689852604,-3.28596353605918,-3.15616836318715));
#4341=CARTESIAN_POINT('',(-1.48178962484862,-3.28596353605918,-3.15616836318715));
#4342=CARTESIAN_POINT('',(1.48178962484861,-3.28596353605917,-3.15616836318715));
#4343=CARTESIAN_POINT('',(1.59288747401798,-3.28596353605917,-3.15616836318715));
#4344=CARTESIAN_POINT('',(1.80840254195098,-3.27008553625483,-3.15616836318715));
#4345=CARTESIAN_POINT('',(2.03955885759504,-3.12911676570713,-3.15616836318715));
#4346=CARTESIAN_POINT('',(2.03955885759504,-3.0148483471141,-3.15616836318715));
#4347=CARTESIAN_POINT('',(-3.09072353509271E-17,-0.504770128857424,-1.73472347597681E-15));
#4348=CARTESIAN_POINT('',(2.03955885759503,-0.504770128857424,-3.15616836318715));
#4349=CARTESIAN_POINT('',(2.03955885759503,-1.1419167526444,-3.15616836318715));
#4350=CARTESIAN_POINT('',(-6.99199255412276E-17,-1.1419167526444,-1.73472347597681E-15));
#4351=CARTESIAN_POINT('',(-2.03955885759503,-1.1419167526444,-3.15616836318715));
#4352=CARTESIAN_POINT('',(-2.03955885759503,-0.504770128857424,-3.15616836318715));
#4353=CARTESIAN_POINT('',(-6.99199255412276E-17,-1.1419167526444,3.75781839241571));
#4354=CARTESIAN_POINT('',(1.7095244771371,-1.1419167526444,1.95651447146325));
#4355=CARTESIAN_POINT('',(2.15885604561936,-1.1419167526444,1.46892902172223));
#4356=CARTESIAN_POINT('',(1.7095244771371,-1.1419167526444,1.95651447146325));
#4357=CARTESIAN_POINT('',(-1.7095244771371,-1.1419167526444,1.95651447146325));
#4358=CARTESIAN_POINT('',(-1.7095244771371,-1.1419167526444,1.95651447146325));
#4359=CARTESIAN_POINT('',(-1.7095244771371,-1.1419167526444,1.95651447146325));
#4360=CARTESIAN_POINT('',(-2.15885604561936,-1.1419167526444,1.46892902172223));
#4361=CARTESIAN_POINT('',(-2.15885604561936,-1.1419167526444,-1.46892902172223));
#4362=CARTESIAN_POINT('',(-2.15885604561936,-1.1419167526444,0.586256401405655));
#4363=CARTESIAN_POINT('',(5.83031505966529,-1.1419167526444,0.586256401405655));
#4364=CARTESIAN_POINT('',(-1.3247091137236,-1.1419167526444,0.586256401405655));
#4365=CARTESIAN_POINT('',(-1.3247091137236,-1.1419167526444,-0.537312045394511));
#4366=CARTESIAN_POINT('',(-1.3247091137236,-1.1419167526444,0.951083520206272));
#4367=CARTESIAN_POINT('',(1.3247091137236,-1.1419167526444,0.951083520206272));
#4368=CARTESIAN_POINT('',(1.3247091137236,-1.1419167526444,0.951083520206272));
#4369=CARTESIAN_POINT('',(1.3247091137236,-1.1419167526444,-0.936456030609384));
#4370=CARTESIAN_POINT('',(1.3247091137236,-1.1419167526444,0.586256401405654));
#4371=CARTESIAN_POINT('',(5.83031505966529,-1.1419167526444,0.586256401405655));
#4372=CARTESIAN_POINT('',(2.15885604561936,-1.1419167526444,0.586256401405655));
#4373=CARTESIAN_POINT('',(2.15885604561936,-1.1419167526444,1.46892902172223));
#4374=CARTESIAN_POINT('',(1.58349845303881,-1.1419167526444,-2.09326973183056));
#4375=CARTESIAN_POINT('',(1.58349845303881,-1.1419167526444,-2.09326973183056));
#4376=CARTESIAN_POINT('',(2.15885604561936,-1.1419167526444,-1.46892902172223));
#4377=CARTESIAN_POINT('',(2.15885604561936,-1.1419167526444,1.46892902172223));
#4378=CARTESIAN_POINT('',(2.15885604561936,-1.1419167526444,-0.537312045394511));
#4379=CARTESIAN_POINT('',(5.83031505966529,-1.1419167526444,-0.53731204539451));
#4380=CARTESIAN_POINT('',(1.3247091137236,-1.1419167526444,-0.53731204539451));
#4381=CARTESIAN_POINT('',(1.3247091137236,-1.1419167526444,-0.936456030609384));
#4382=CARTESIAN_POINT('',(1.3247091137236,-1.1419167526444,-0.936456030609384));
#4383=CARTESIAN_POINT('',(-1.3247091137236,-1.1419167526444,-0.936456030609384));
#4384=CARTESIAN_POINT('',(-1.3247091137236,-1.1419167526444,-0.936456030609384));
#4385=CARTESIAN_POINT('',(-1.3247091137236,-1.1419167526444,-0.537312045394511));
#4386=CARTESIAN_POINT('',(-1.3247091137236,-1.1419167526444,-0.53731204539451));
#4387=CARTESIAN_POINT('',(5.83031505966529,-1.1419167526444,-0.53731204539451));
#4388=CARTESIAN_POINT('',(-2.15885604561936,-1.1419167526444,-0.537312045394511));
#4389=CARTESIAN_POINT('',(-2.15885604561936,-1.1419167526444,-1.46892902172223));
#4390=CARTESIAN_POINT('',(-2.15885604561936,-1.1419167526444,-1.46892902172223));
#4391=CARTESIAN_POINT('',(-1.58349845303881,-1.1419167526444,-2.09326973183056));
#4392=CARTESIAN_POINT('',(-1.58349845303881,-1.1419167526444,-2.09326973183056));
#4393=CARTESIAN_POINT('',(1.58349845303881,-1.1419167526444,-2.09326973183056));
#4394=CARTESIAN_POINT('',(-6.99199255412276E-17,-1.1419167526444,-3.15616836318715));
#4395=CARTESIAN_POINT('',(-4.60046827444233E-16,-7.39936650062564,-1.73472347597681E-15));
#4396=CARTESIAN_POINT('',(-4.60046827444233E-16,-7.39936650062564,-1.73472347597681E-15));
#4397=CARTESIAN_POINT('',(2.09778670174032,-7.39936650062564,-1.73472347597681E-15));
#4398=CARTESIAN_POINT('',(-4.49288778609181E-16,-7.22366842750243,-1.73472347597681E-15));
#4399=CARTESIAN_POINT('',(-4.49288778609181E-16,-7.22366842750243,-1.73472347597681E-15));
#4400=CARTESIAN_POINT('',(2.27348477486353,-7.22366842750243,-1.73472347597681E-15));
#4401=CARTESIAN_POINT('',(-3.09072353509271E-17,-0.504770128857424,-1.73472347597681E-15));
#4402=CARTESIAN_POINT('',(-1.3247091137236,-4.60630896566555,-0.537312045394511));
#4403=CARTESIAN_POINT('',(-1.3247091137236,-4.60630896566555,-0.936456030609384));
#4404=CARTESIAN_POINT('',(-1.3247091137236,-0.800496911904614,-0.936456030609384));
#4405=CARTESIAN_POINT('',(-1.3247091137236,-0.800496911904614,-0.537312045394511));
#4406=CARTESIAN_POINT('',(-1.3247091137236,-0.800496911904614,-0.537312045394511));
#4407=CARTESIAN_POINT('',(-1.3247091137236,-0.894641360339458,-0.53731204539451));
#4408=CARTESIAN_POINT('',(-1.3247091137236,-4.60630896566555,-0.936456030609384));
#4409=CARTESIAN_POINT('',(1.3247091137236,-4.60630896566555,-0.936456030609384));
#4410=CARTESIAN_POINT('',(1.3247091137236,-0.800496911904614,-0.936456030609384));
#4411=CARTESIAN_POINT('',(-1.3247091137236,-0.800496911904614,-0.936456030609384));
#4412=CARTESIAN_POINT('',(1.3247091137236,-4.60630896566555,-0.936456030609384));
#4413=CARTESIAN_POINT('',(1.3247091137236,-0.894641360339458,-0.53731204539451));
#4414=CARTESIAN_POINT('',(1.3247091137236,-0.800496911904614,-0.537312045394511));
#4415=CARTESIAN_POINT('',(1.3247091137236,-0.800496911904614,-0.936456030609384));
#4416=CARTESIAN_POINT('',(1.3247091137236,-4.60630896566555,-0.936456030609384));
#4417=CARTESIAN_POINT('',(1.3247091137236,-4.60630896566555,0.951083520206272));
#4418=CARTESIAN_POINT('',(1.3247091137236,-0.800496911904614,0.951083520206272));
#4419=CARTESIAN_POINT('',(1.3247091137236,-0.800496911904614,-0.936456030609384));
#4420=CARTESIAN_POINT('',(1.3247091137236,-0.800496911904614,0.586256401405655));
#4421=CARTESIAN_POINT('',(1.3247091137236,-2.70340293878508,0.586256401405655));
#4422=CARTESIAN_POINT('',(1.3247091137236,-4.60630896566555,0.951083520206272));
#4423=CARTESIAN_POINT('',(-1.3247091137236,-4.60630896566555,0.951083520206272));
#4424=CARTESIAN_POINT('',(-1.3247091137236,-0.800496911904614,0.951083520206272));
#4425=CARTESIAN_POINT('',(1.3247091137236,-0.800496911904614,0.951083520206272));
#4426=CARTESIAN_POINT('',(-1.3247091137236,-4.60630896566555,-0.537312045394511));
#4427=CARTESIAN_POINT('',(-1.3247091137236,-2.70340293878508,0.586256401405655));
#4428=CARTESIAN_POINT('',(-1.3247091137236,-0.800496911904614,0.586256401405655));
#4429=CARTESIAN_POINT('',(-1.3247091137236,-0.800496911904614,-0.537312045394511));
#4430=CARTESIAN_POINT('',(5.83031505966529,-2.70340293878508,0.586256401405655));
#4431=CARTESIAN_POINT('',(-2.15885604561936,-2.70340293878508,0.586256401405655));
#4432=CARTESIAN_POINT('',(-2.15885604561936,-0.800496911904614,0.586256401405655));
#4433=CARTESIAN_POINT('',(5.83031505966529,-0.800496911904614,0.586256401405655));
#4434=CARTESIAN_POINT('',(5.83031505966529,-0.894641360339458,-0.53731204539451));
#4435=CARTESIAN_POINT('',(-2.15885604561936,-2.70340293878508,-0.537312045394511));
#4436=CARTESIAN_POINT('',(-2.15885604561936,-0.800496911904614,-0.537312045394511));
#4437=CARTESIAN_POINT('',(5.83031505966529,-0.800496911904614,-0.53731204539451));
#4438=CARTESIAN_POINT('',(5.83031505966529,-0.894641360339458,-0.53731204539451));
#4439=CARTESIAN_POINT('',(2.15885604561936,-2.70340293878508,-0.537312045394511));
#4440=CARTESIAN_POINT('',(2.15885604561936,-0.800496911904614,-0.537312045394511));
#4441=CARTESIAN_POINT('',(5.83031505966529,-0.800496911904614,-0.53731204539451));
#4442=CARTESIAN_POINT('',(5.83031505966529,-0.800496911904614,0.586256401405655));
#4443=CARTESIAN_POINT('',(2.15885604561936,-0.800496911904614,1.46892902172223));
#4444=CARTESIAN_POINT('',(2.15885604561936,-0.800496911904614,0.586256401405655));
#4445=CARTESIAN_POINT('',(5.83031505966529,-0.800496911904614,0.586256401405655));
#4446=CARTESIAN_POINT('',(-2.15885604561936,-0.800496911904614,-1.46892902172223));
#4447=CARTESIAN_POINT('',(5.83031505966529,-2.70340293878508,0.586256401405655));
#4448=CARTESIAN_POINT('',(2.15885604561936,-2.70340293878508,0.586256401405655));
#4449=CARTESIAN_POINT('',(2.41617174389446,-0.503275438122442,2.41669035158595));
#4450=CARTESIAN_POINT('',(2.41617174389446,-0.503275438122442,2.41669035158595));
#4451=CARTESIAN_POINT('',(2.81040810995349,-0.503275438122442,2.41669035158595));
#4452=CARTESIAN_POINT('',(-2.41617174389446,-0.503275438122442,2.41669035158595));
#4453=CARTESIAN_POINT('',(-2.41617174389446,-0.503275438122442,2.41669035158595));
#4454=CARTESIAN_POINT('',(-2.02193537783543,-0.503275438122442,2.41669035158595));
#4455=CARTESIAN_POINT('',(-2.41617174389446,-0.503275438122442,-2.41669035158594));
#4456=CARTESIAN_POINT('',(-2.41617174389446,-0.503275438122442,-2.41669035158594));
#4457=CARTESIAN_POINT('',(-2.02193537783543,-0.503275438122442,-2.41669035158594));
#4458=CARTESIAN_POINT('',(2.41617174389446,-0.503275438122442,-2.41669035158594));
#4459=CARTESIAN_POINT('',(2.41617174389446,-0.503275438122442,-2.41669035158594));
#4460=CARTESIAN_POINT('',(2.81040810995349,-0.503275438122442,-2.41669035158594));
#4461=CARTESIAN_POINT('',(-1.7095244771371,-2.70340293878508,1.95651447146325));
#4462=CARTESIAN_POINT('',(1.7095244771371,-2.70340293878508,1.95651447146325));
#4463=CARTESIAN_POINT('',(1.7095244771371,0.,1.95651447146325));
#4464=CARTESIAN_POINT('',(-1.7095244771371,0.,1.95651447146325));
#4465=CARTESIAN_POINT('',(-1.7095244771371,0.,1.95651447146325));
#4466=CARTESIAN_POINT('',(-1.7095244771371,-2.70340293878508,1.95651447146325));
#4467=CARTESIAN_POINT('',(-1.7095244771371,-2.70340293878508,1.95651447146325));
#4468=CARTESIAN_POINT('',(-1.7095244771371,0.,1.95651447146325));
#4469=CARTESIAN_POINT('',(-2.15885604561936,0.,1.46892902172223));
#4470=CARTESIAN_POINT('',(-2.15885604561936,-2.70340293878508,1.46892902172223));
#4471=CARTESIAN_POINT('',(-2.15885604561936,-2.70340293878508,-1.46892902172223));
#4472=CARTESIAN_POINT('',(-2.15885604561936,0.,-1.46892902172223));
#4473=CARTESIAN_POINT('',(-2.15885604561936,0.,-1.46892902172223));
#4474=CARTESIAN_POINT('',(-2.15885604561936,-2.70340293878508,-1.46892902172223));
#4475=CARTESIAN_POINT('',(-1.58349845303881,-2.70340293878508,-2.09326973183056));
#4476=CARTESIAN_POINT('',(-1.58349845303881,0.,-2.09326973183056));
#4477=CARTESIAN_POINT('',(-1.58349845303881,0.,-2.09326973183056));
#4478=CARTESIAN_POINT('',(-1.58349845303881,-2.70340293878508,-2.09326973183056));
#4479=CARTESIAN_POINT('',(1.58349845303881,-2.70340293878508,-2.09326973183056));
#4480=CARTESIAN_POINT('',(1.58349845303881,0.,-2.09326973183056));
#4481=CARTESIAN_POINT('',(1.58349845303881,0.,-2.09326973183056));
#4482=CARTESIAN_POINT('',(1.58349845303881,-2.70340293878508,-2.09326973183056));
#4483=CARTESIAN_POINT('',(1.58349845303881,-2.70340293878508,-2.09326973183056));
#4484=CARTESIAN_POINT('',(1.58349845303881,0.,-2.09326973183056));
#4485=CARTESIAN_POINT('',(2.15885604561936,0.,-1.46892902172223));
#4486=CARTESIAN_POINT('',(2.15885604561936,-2.70340293878508,-1.46892902172223));
#4487=CARTESIAN_POINT('',(2.15885604561936,-2.70340293878508,1.46892902172223));
#4488=CARTESIAN_POINT('',(2.15885604561936,0.,1.46892902172223));
#4489=CARTESIAN_POINT('',(2.15885604561936,0.,1.46892902172223));
#4490=CARTESIAN_POINT('',(2.15885604561936,-2.70340293878508,1.46892902172223));
#4491=CARTESIAN_POINT('',(1.7095244771371,-2.70340293878508,1.95651447146325));
#4492=CARTESIAN_POINT('',(1.7095244771371,0.,1.95651447146325));
#4493=CARTESIAN_POINT('',(2.41617174389446,-0.503275438122442,2.41669035158595));
#4494=CARTESIAN_POINT('',(2.41617174389446,0.,2.41669035158595));
#4495=CARTESIAN_POINT('',(2.81040810995349,0.,2.41669035158595));
#4496=CARTESIAN_POINT('',(-2.41617174389446,-0.503275438122442,2.41669035158595));
#4497=CARTESIAN_POINT('',(-2.41617174389446,0.,2.41669035158595));
#4498=CARTESIAN_POINT('',(-2.41617174389446,0.,2.02245398552691));
#4499=CARTESIAN_POINT('',(-2.41617174389446,-0.503275438122442,-2.41669035158594));
#4500=CARTESIAN_POINT('',(-2.41617174389446,0.,-2.41669035158594));
#4501=CARTESIAN_POINT('',(-2.02193537783543,0.,-2.41669035158594));
#4502=CARTESIAN_POINT('',(2.41617174389446,-0.503275438122442,-2.41669035158594));
#4503=CARTESIAN_POINT('',(2.41617174389446,0.,-2.41669035158594));
#4504=CARTESIAN_POINT('',(2.41617174389446,0.,-2.81092671764498));
#4505=CARTESIAN_POINT('',(0.,0.,0.));
#4506=CARTESIAN_POINT('',(-3.6,0.,-3.28926857236378));
#4507=CARTESIAN_POINT('',(-3.6,0.,-3.28926857236378));
#4508=CARTESIAN_POINT('',(3.6,0.,-3.28926857236378));
#4509=CARTESIAN_POINT('',(3.6,0.,-3.5));
#4510=CARTESIAN_POINT('',(3.6,0.,3.17790697430053));
#4511=CARTESIAN_POINT('',(3.6,0.,3.17790697430053));
#4512=CARTESIAN_POINT('',(-3.6,0.,3.17790697430053));
#4513=CARTESIAN_POINT('',(-3.6,0.,3.5));
#4514=CARTESIAN_POINT('',(-3.6,3.37244552659363,3.5));
#4515=CARTESIAN_POINT('',(-3.6,0.378939316674103,3.5));
#4516=CARTESIAN_POINT('',(-3.6,0.378939316674103,-3.28926857236378));
#4517=CARTESIAN_POINT('',(-3.6,0.378939316674103,3.17790697430053));
#4518=CARTESIAN_POINT('',(-3.6,3.37244552659363,-3.28926857236378));
#4519=CARTESIAN_POINT('',(-3.6,3.37244552659363,3.17790697430053));
#4520=CARTESIAN_POINT('',(-3.6,3.37244552659363,-3.28926857236378));
#4521=CARTESIAN_POINT('',(-3.6,0.378939316674103,-3.28926857236378));
#4522=CARTESIAN_POINT('',(3.6,0.378939316674103,-3.28926857236378));
#4523=CARTESIAN_POINT('',(3.6,3.37244552659363,-3.28926857236378));
#4524=CARTESIAN_POINT('',(3.6,3.37244552659363,-3.5));
#4525=CARTESIAN_POINT('',(3.6,0.378939316674103,-3.5));
#4526=CARTESIAN_POINT('',(3.6,0.378939316674103,3.17790697430053));
#4527=CARTESIAN_POINT('',(3.6,3.37244552659363,3.17790697430053));
#4528=CARTESIAN_POINT('',(3.6,3.37244552659363,3.17790697430053));
#4529=CARTESIAN_POINT('',(3.6,0.378939316674103,3.17790697430053));
#4530=CARTESIAN_POINT('',(3.80198035967561,6.2763789059908,3.48625592783501));
#4531=CARTESIAN_POINT('',(-3.8019803596756,6.2763789059908,3.48625592783501));
#4532=CARTESIAN_POINT('',(-3.8019803596756,6.2763789059908,3.48625592783501));
#4533=CARTESIAN_POINT('',(-3.8019803596756,6.89519679658119,3.20428806540146));
#4534=CARTESIAN_POINT('',(3.80198035967561,6.2763789059908,3.48625592783501));
#4535=CARTESIAN_POINT('',(3.80198035967561,6.2763789059908,3.48625592783501));
#4536=CARTESIAN_POINT('',(3.80198035967561,6.2763789059908,3.48625592783501));
#4537=CARTESIAN_POINT('',(3.80198035967561,6.89519679658119,3.20428806540146));
#4538=CARTESIAN_POINT('',(3.80198035967561,6.89519679658119,3.20428806540146));
#4539=CARTESIAN_POINT('',(3.8019803596756,0.,0.));
#4540=CARTESIAN_POINT('',(3.80198035967561,6.75105545037928,-2.83946820096814));
#4541=CARTESIAN_POINT('',(3.80198035967561,6.75105545037928,-2.83946820096814));
#4542=CARTESIAN_POINT('',(3.80198035967561,6.45992130439383,-2.53861820139994));
#4543=CARTESIAN_POINT('',(3.80198035967561,8.95696600455679,-2.83946820096814));
#4544=CARTESIAN_POINT('',(3.80198035967561,8.95696600455679,-2.83946820096814));
#4545=CARTESIAN_POINT('',(3.80198035967561,6.89519679658119,3.20428806540146));
#4546=CARTESIAN_POINT('',(3.80198035967561,3.69785083962882,3.48625592783501));
#4547=CARTESIAN_POINT('',(3.80198035967561,3.69785083962882,3.48625592783501));
#4548=CARTESIAN_POINT('',(3.80198035967561,3.69785083962882,3.48625592783501));
#4549=CARTESIAN_POINT('',(3.80198035967561,3.96136508164356,3.1490069140227));
#4550=CARTESIAN_POINT('',(3.80198035967561,3.96136508164356,1.12306497204518));
#4551=CARTESIAN_POINT('',(3.80198035967561,3.96136508164356,1.12306497204518));
#4552=CARTESIAN_POINT('',(3.80198035967561,3.96136508164356,1.12306497204518));
#4553=CARTESIAN_POINT('',(3.80198035967561,4.28455579287639,0.80619742339377));
#4554=CARTESIAN_POINT('',(3.80198035967561,5.95523006061722,0.80619742339377));
#4555=CARTESIAN_POINT('',(3.80198035967561,5.95523006061722,0.80619742339377));
#4556=CARTESIAN_POINT('',(3.80198035967561,5.95523006061722,0.301506179617164));
#4557=CARTESIAN_POINT('',(3.80198035967561,6.45992130439383,0.301506179617164));
#4558=CARTESIAN_POINT('',(3.80198035967561,6.45992130439383,-2.53861820139994));
#4559=CARTESIAN_POINT('',(3.80198035967561,6.89519679658119,3.20428806540146));
#4560=CARTESIAN_POINT('',(-3.8019803596756,6.89519679658119,3.20428806540146));
#4561=CARTESIAN_POINT('',(-3.80198035967561,8.95696600455679,-2.83946820096814));
#4562=CARTESIAN_POINT('',(3.80198035967561,8.95696600455679,-2.83946820096814));
#4563=CARTESIAN_POINT('',(-3.8019803596756,0.,0.));
#4564=CARTESIAN_POINT('',(-3.8019803596756,8.95696600455679,-2.83946820096814));
#4565=CARTESIAN_POINT('',(-3.8019803596756,6.75105545037928,-2.83946820096814));
#4566=CARTESIAN_POINT('',(-3.8019803596756,6.75105545037928,-2.83946820096814));
#4567=CARTESIAN_POINT('',(-3.8019803596756,6.45992130439383,-2.53861820139994));
#4568=CARTESIAN_POINT('',(-3.8019803596756,6.45992130439383,-2.53861820139994));
#4569=CARTESIAN_POINT('',(-3.8019803596756,6.45992130439383,0.301506179617164));
#4570=CARTESIAN_POINT('',(-3.8019803596756,5.95523006061722,0.301506179617164));
#4571=CARTESIAN_POINT('',(-3.8019803596756,5.95523006061722,0.80619742339377));
#4572=CARTESIAN_POINT('',(-3.8019803596756,5.95523006061722,0.80619742339377));
#4573=CARTESIAN_POINT('',(-3.8019803596756,4.28455579287639,0.80619742339377));
#4574=CARTESIAN_POINT('',(-3.8019803596756,3.96136508164356,1.12306497204518));
#4575=CARTESIAN_POINT('',(-3.8019803596756,3.96136508164356,1.12306497204518));
#4576=CARTESIAN_POINT('',(-3.8019803596756,3.96136508164356,1.12306497204518));
#4577=CARTESIAN_POINT('',(-3.8019803596756,3.96136508164356,3.1490069140227));
#4578=CARTESIAN_POINT('',(-3.8019803596756,3.69785083962882,3.48625592783501));
#4579=CARTESIAN_POINT('',(-3.8019803596756,3.69785083962882,3.48625592783501));
#4580=CARTESIAN_POINT('',(-3.8019803596756,3.69785083962882,3.48625592783501));
#4581=CARTESIAN_POINT('',(2.9,8.43866844125662,-5.91960835079727));
#4582=CARTESIAN_POINT('',(2.2,8.43866844125662,-5.91960835079727));
#4583=CARTESIAN_POINT('',(2.2,8.43866844125662,-5.91960835079727));
#4584=CARTESIAN_POINT('',(2.2,8.71407740983307,-6.00850157038228));
#4585=CARTESIAN_POINT('',(2.9,8.71407740983307,-6.00850157038228));
#4586=CARTESIAN_POINT('',(2.9,8.71407740983307,-6.00850157038228));
#4587=CARTESIAN_POINT('',(2.9,8.43866844125662,-5.91960835079727));
#4588=CARTESIAN_POINT('',(2.9,8.43866844125662,-5.91960835079727));
#4589=CARTESIAN_POINT('',(2.9,8.43866844125662,-5.91960835079727));
#4590=CARTESIAN_POINT('',(2.9,8.71407740983307,-6.00850157038228));
#4591=CARTESIAN_POINT('',(2.2,8.71407740983307,-6.00850157038228));
#4592=CARTESIAN_POINT('',(2.2,9.06061726965175,-4.93485179361811));
#4593=CARTESIAN_POINT('',(2.9,9.06061726965175,-4.93485179361811));
#4594=CARTESIAN_POINT('',(2.9,9.06061726965175,-4.93485179361811));
#4595=CARTESIAN_POINT('',(2.9,8.71407740983307,-6.00850157038228));
#4596=CARTESIAN_POINT('',(2.9,8.77732242172204,-4.58719924732678));
#4597=CARTESIAN_POINT('',(2.2,8.77732242172204,-4.58719924732678));
#4598=CARTESIAN_POINT('',(2.2,8.77732242172204,-4.58719924732678));
#4599=CARTESIAN_POINT('',(2.2,8.77732242172204,-4.87039060506022));
#4600=CARTESIAN_POINT('',(2.9,8.77732242172204,-4.87039060506022));
#4601=CARTESIAN_POINT('',(2.9,8.77732242172204,-4.87039060506022));
#4602=CARTESIAN_POINT('',(2.9,8.77732242172204,-4.58719924732678));
#4603=CARTESIAN_POINT('',(2.9,8.77732242172204,-4.58719924732678));
#4604=CARTESIAN_POINT('',(2.9,8.77732242172204,-4.58719924732678));
#4605=CARTESIAN_POINT('',(2.9,8.77732242172204,-4.87039060506022));
#4606=CARTESIAN_POINT('',(2.2,8.77732242172204,-4.87039060506022));
#4607=CARTESIAN_POINT('',(2.9,8.77732242172204,-4.87039060506022));
#4608=CARTESIAN_POINT('',(2.9,8.49073127249218,-4.75091079363625));
#4609=CARTESIAN_POINT('',(2.2,8.49073127249218,-4.75091079363625));
#4610=CARTESIAN_POINT('',(2.2,9.04647329359466,-4.52785217530058));
#4611=CARTESIAN_POINT('',(2.9,9.04647329359466,-4.52785217530058));
#4612=CARTESIAN_POINT('',(2.9,9.04647329359466,-4.52785217530058));
#4613=CARTESIAN_POINT('',(2.9,8.49073127249218,-4.75091079363625));
#4614=CARTESIAN_POINT('',(-1.9,8.43866844125662,-5.91960835079727));
#4615=CARTESIAN_POINT('',(-2.6,8.43866844125662,-5.91960835079727));
#4616=CARTESIAN_POINT('',(-2.6,8.43866844125662,-5.91960835079727));
#4617=CARTESIAN_POINT('',(-2.6,8.71407740983307,-6.00850157038228));
#4618=CARTESIAN_POINT('',(-1.9,8.71407740983307,-6.00850157038228));
#4619=CARTESIAN_POINT('',(-1.9,8.71407740983307,-6.00850157038228));
#4620=CARTESIAN_POINT('',(-1.9,8.43866844125662,-5.91960835079727));
#4621=CARTESIAN_POINT('',(-1.9,8.43866844125662,-5.91960835079727));
#4622=CARTESIAN_POINT('',(-1.9,8.43866844125662,-5.91960835079727));
#4623=CARTESIAN_POINT('',(-1.9,8.71407740983307,-6.00850157038228));
#4624=CARTESIAN_POINT('',(-2.6,8.71407740983307,-6.00850157038228));
#4625=CARTESIAN_POINT('',(-2.6,9.06061726965175,-4.93485179361811));
#4626=CARTESIAN_POINT('',(-1.9,9.06061726965175,-4.93485179361811));
#4627=CARTESIAN_POINT('',(-1.9,9.06061726965175,-4.93485179361811));
#4628=CARTESIAN_POINT('',(-1.9,8.71407740983307,-6.00850157038228));
#4629=CARTESIAN_POINT('',(-1.9,8.77732242172204,-4.58719924732678));
#4630=CARTESIAN_POINT('',(-2.6,8.77732242172204,-4.58719924732678));
#4631=CARTESIAN_POINT('',(-2.6,8.77732242172204,-4.58719924732678));
#4632=CARTESIAN_POINT('',(-2.6,8.77732242172204,-4.87039060506022));
#4633=CARTESIAN_POINT('',(-1.9,8.77732242172204,-4.87039060506022));
#4634=CARTESIAN_POINT('',(-1.9,8.77732242172204,-4.87039060506022));
#4635=CARTESIAN_POINT('',(-1.9,8.77732242172204,-4.58719924732678));
#4636=CARTESIAN_POINT('',(-1.9,8.77732242172204,-4.58719924732678));
#4637=CARTESIAN_POINT('',(-1.9,8.77732242172204,-4.58719924732678));
#4638=CARTESIAN_POINT('',(-1.9,8.77732242172204,-4.87039060506022));
#4639=CARTESIAN_POINT('',(-2.6,8.77732242172204,-4.87039060506022));
#4640=CARTESIAN_POINT('',(-1.9,8.77732242172204,-4.87039060506022));
#4641=CARTESIAN_POINT('',(-1.9,8.49073127249218,-4.75091079363625));
#4642=CARTESIAN_POINT('',(-2.6,8.49073127249218,-4.75091079363625));
#4643=CARTESIAN_POINT('',(-2.6,9.04647329359466,-4.52785217530058));
#4644=CARTESIAN_POINT('',(-1.9,9.04647329359466,-4.52785217530058));
#4645=CARTESIAN_POINT('',(-1.9,9.04647329359466,-4.52785217530058));
#4646=CARTESIAN_POINT('',(-1.9,8.49073127249218,-4.75091079363625));
#4647=CARTESIAN_POINT('',(4.15,6.75105545037928,-2.83946820096814));
#4648=CARTESIAN_POINT('',(4.15,6.75105545037928,-2.83946820096814));
#4649=CARTESIAN_POINT('',(-4.15,6.75105545037928,-2.83946820096814));
#4650=CARTESIAN_POINT('',(-4.15,6.75105545037928,-2.83946820096814));
#4651=CARTESIAN_POINT('',(-4.15,6.45992130439383,-2.53861820139994));
#4652=CARTESIAN_POINT('',(4.15,6.45992130439383,-2.53861820139994));
#4653=CARTESIAN_POINT('',(4.15,6.45992130439383,-2.53861820139994));
#4654=CARTESIAN_POINT('',(-4.15,6.45992130439383,-2.53861820139994));
#4655=CARTESIAN_POINT('',(-4.15,6.45992130439383,0.301506179617164));
#4656=CARTESIAN_POINT('',(4.15,6.45992130439383,0.301506179617164));
#4657=CARTESIAN_POINT('',(4.15,5.95523006061722,0.301506179617164));
#4658=CARTESIAN_POINT('',(-4.15,5.95523006061722,0.301506179617164));
#4659=CARTESIAN_POINT('',(-4.15,5.95523006061722,0.80619742339377));
#4660=CARTESIAN_POINT('',(4.15,5.95523006061722,0.80619742339377));
#4661=CARTESIAN_POINT('',(4.15,5.95523006061722,0.80619742339377));
#4662=CARTESIAN_POINT('',(-4.15,5.95523006061722,0.80619742339377));
#4663=CARTESIAN_POINT('',(-4.15,4.28455579287639,0.80619742339377));
#4664=CARTESIAN_POINT('',(4.15,4.28455579287639,0.80619742339377));
#4665=CARTESIAN_POINT('',(4.15,3.96136508164356,1.12306497204518));
#4666=CARTESIAN_POINT('',(-4.15,3.96136508164356,1.12306497204518));
#4667=CARTESIAN_POINT('',(-4.15,3.96136508164356,1.12306497204518));
#4668=CARTESIAN_POINT('',(4.15,3.96136508164356,1.12306497204518));
#4669=CARTESIAN_POINT('',(4.15,3.96136508164356,1.12306497204518));
#4670=CARTESIAN_POINT('',(-4.15,3.96136508164356,1.12306497204518));
#4671=CARTESIAN_POINT('',(-4.15,3.96136508164356,3.1490069140227));
#4672=CARTESIAN_POINT('',(4.15,3.96136508164356,3.1490069140227));
#4673=CARTESIAN_POINT('',(4.15,3.69785083962882,3.48625592783501));
#4674=CARTESIAN_POINT('',(-4.15,3.69785083962882,3.48625592783501));
#4675=CARTESIAN_POINT('',(-4.15,3.69785083962882,3.48625592783501));
#4676=CARTESIAN_POINT('',(4.15,3.69785083962882,3.48625592783501));
#4677=CARTESIAN_POINT('',(-4.4980196403244,1.95525292907469,-0.321984113099413));
#4678=CARTESIAN_POINT('',(-4.4980196403244,5.62814919757882,-0.321984113099412));
#4679=CARTESIAN_POINT('',(-4.15,5.62814919757882,-0.321984113099412));
#4680=CARTESIAN_POINT('',(-3.8019803596756,5.62814919757882,-0.321984113099412));
#4681=CARTESIAN_POINT('',(-3.8019803596756,1.95525292907469,-0.321984113099413));
#4682=CARTESIAN_POINT('',(-3.8019803596756,1.95525292907469,-0.321984113099413));
#4683=CARTESIAN_POINT('',(-4.4980196403244,1.95525292907469,-0.321984113099413));
#4684=CARTESIAN_POINT('',(-4.15,1.95525292907469,-0.321984113099413));
#4685=CARTESIAN_POINT('',(-4.15,5.95523006061722,-0.321984113099412));
#4686=CARTESIAN_POINT('',(-3.6,3.37244552659363,3.5));
#4687=CARTESIAN_POINT('',(-3.6,1.95525292907469,3.5));
#4688=CARTESIAN_POINT('',(-3.6,1.95525292907469,-3.28926857236378));
#4689=CARTESIAN_POINT('',(-3.6,1.95525292907469,3.17790697430053));
#4690=CARTESIAN_POINT('',(-3.6,3.37244552659363,-3.28926857236378));
#4691=CARTESIAN_POINT('',(-3.6,3.37244552659363,3.17790697430053));
#4692=CARTESIAN_POINT('',(-3.6,3.37244552659363,-3.28926857236378));
#4693=CARTESIAN_POINT('',(-3.6,1.95525292907469,-3.28926857236378));
#4694=CARTESIAN_POINT('',(3.6,1.95525292907469,-3.28926857236378));
#4695=CARTESIAN_POINT('',(3.6,3.37244552659363,-3.28926857236378));
#4696=CARTESIAN_POINT('',(3.6,3.37244552659363,-3.5));
#4697=CARTESIAN_POINT('',(3.6,1.95525292907469,-3.5));
#4698=CARTESIAN_POINT('',(3.6,1.95525292907469,3.17790697430053));
#4699=CARTESIAN_POINT('',(3.6,3.37244552659363,3.17790697430053));
#4700=CARTESIAN_POINT('',(3.6,3.37244552659363,3.17790697430053));
#4701=CARTESIAN_POINT('',(3.6,1.95525292907469,3.17790697430053));
#4702=CARTESIAN_POINT('',(4.49801964032439,1.95525292907469,-0.321984113099413));
#4703=CARTESIAN_POINT('',(4.15,5.95523006061722,-0.321984113099412));
#4704=CARTESIAN_POINT('',(4.15,5.62814919757882,-0.321984113099412));
#4705=CARTESIAN_POINT('',(4.15,1.95525292907469,-0.321984113099413));
#4706=CARTESIAN_POINT('',(4.49801964032439,1.95525292907469,-0.321984113099413));
#4707=CARTESIAN_POINT('',(3.80198035967561,1.95525292907469,-0.321984113099413));
#4708=CARTESIAN_POINT('',(3.80198035967561,1.95525292907469,-0.321984113099413));
#4709=CARTESIAN_POINT('',(3.80198035967561,5.62814919757882,-0.321984113099412));
#4710=CARTESIAN_POINT('',(4.49801964032439,5.62814919757882,-0.321984113099412));
#4711=CARTESIAN_POINT('',(4.15,3.69785083962882,3.48625592783501));
#4712=CARTESIAN_POINT('',(-4.15,3.69785083962882,3.48625592783501));
#4713=CARTESIAN_POINT('',(-4.15,1.95525292907469,3.48625592783501));
#4714=CARTESIAN_POINT('',(4.15,1.95525292907469,3.48625592783501));
#4715=CARTESIAN_POINT('',(4.15,1.95525292907469,3.48625592783501));
#4716=CARTESIAN_POINT('',(4.15,3.69785083962882,3.48625592783501));
#4717=CARTESIAN_POINT('',(4.15,3.69785083962882,3.48625592783501));
#4718=CARTESIAN_POINT('',(4.15,3.69785083962882,3.48625592783501));
#4719=CARTESIAN_POINT('',(4.15,3.69785083962882,3.48625592783501));
#4720=CARTESIAN_POINT('',(4.15,3.96136508164356,3.1490069140227));
#4721=CARTESIAN_POINT('',(4.15,3.96136508164356,3.1490069140227));
#4722=CARTESIAN_POINT('',(4.15,3.69785083962882,3.48625592783501));
#4723=CARTESIAN_POINT('',(4.15,3.96136508164356,1.12306497204518));
#4724=CARTESIAN_POINT('',(4.15,3.96136508164356,1.12306497204518));
#4725=CARTESIAN_POINT('',(4.15,3.96136508164356,1.12306497204518));
#4726=CARTESIAN_POINT('',(4.15,3.96136508164356,1.12306497204518));
#4727=CARTESIAN_POINT('',(4.15,3.96136508164356,1.12306497204518));
#4728=CARTESIAN_POINT('',(4.15,4.28455579287639,0.80619742339377));
#4729=CARTESIAN_POINT('',(4.15,4.28455579287639,0.80619742339377));
#4730=CARTESIAN_POINT('',(4.15,3.96136508164356,1.12306497204518));
#4731=CARTESIAN_POINT('',(4.15,5.95523006061722,0.80619742339377));
#4732=CARTESIAN_POINT('',(4.15,5.95523006061722,0.80619742339377));
#4733=CARTESIAN_POINT('',(4.15,5.95523006061722,0.80619742339377));
#4734=CARTESIAN_POINT('',(4.15,5.95523006061722,0.80619742339377));
#4735=CARTESIAN_POINT('',(4.15,5.95523006061722,0.301506179617164));
#4736=CARTESIAN_POINT('',(4.15,6.45992130439383,0.301506179617164));
#4737=CARTESIAN_POINT('',(4.15,6.45992130439383,0.301506179617164));
#4738=CARTESIAN_POINT('',(4.15,5.95523006061722,0.301506179617164));
#4739=CARTESIAN_POINT('',(4.15,6.45992130439383,-2.53861820139994));
#4740=CARTESIAN_POINT('',(4.15,6.45992130439383,-2.53861820139994));
#4741=CARTESIAN_POINT('',(4.15,6.45992130439383,-2.53861820139994));
#4742=CARTESIAN_POINT('',(4.15,6.45992130439383,-2.53861820139994));
#4743=CARTESIAN_POINT('',(4.15,6.75105545037928,-2.83946820096814));
#4744=CARTESIAN_POINT('',(4.15,6.75105545037928,-2.83946820096814));
#4745=CARTESIAN_POINT('',(4.15,6.75105545037928,-2.83946820096814));
#4746=CARTESIAN_POINT('',(4.15,6.75105545037928,-2.83946820096814));
#4747=CARTESIAN_POINT('',(4.15,9.30104546608295,-2.83946820096814));
#4748=CARTESIAN_POINT('',(4.15,9.30104546608295,-2.83946820096814));
#4749=CARTESIAN_POINT('',(4.15,9.30104546608295,-2.83946820096814));
#4750=CARTESIAN_POINT('',(4.15,9.30104546608295,-2.83946820096814));
#4751=CARTESIAN_POINT('',(-4.15,9.30104546608295,-2.83946820096814));
#4752=CARTESIAN_POINT('',(-4.15,9.30104546608295,-2.83946820096814));
#4753=CARTESIAN_POINT('',(-1.9,3.38885426876298,-4.76214919150361));
#4754=CARTESIAN_POINT('',(-2.6,3.38885426876298,-4.76214919150361));
#4755=CARTESIAN_POINT('',(-2.6,3.1671036296403,-4.76214919150361));
#4756=CARTESIAN_POINT('',(-2.6,3.19175591128069,-4.86376406949449));
#4757=CARTESIAN_POINT('',(-1.9,3.1671036296403,-4.76214919150361));
#4758=CARTESIAN_POINT('',(-1.9,3.1671036296403,-4.76214919150361));
#4759=CARTESIAN_POINT('',(-1.9,3.38885426876298,-4.76214919150361));
#4760=CARTESIAN_POINT('',(-1.9,3.19175591128069,-4.86376406949449));
#4761=CARTESIAN_POINT('',(-1.9,3.19175591128069,-4.86376406949449));
#4762=CARTESIAN_POINT('',(-1.9,3.1671036296403,-4.69095328778473));
#4763=CARTESIAN_POINT('',(-2.6,3.1671036296403,-4.69095328778473));
#4764=CARTESIAN_POINT('',(-2.6,3.1671036296403,-4.69095328778473));
#4765=CARTESIAN_POINT('',(-1.9,3.1671036296403,-4.69095328778473));
#4766=CARTESIAN_POINT('',(-1.9,3.1671036296403,-4.69095328778473));
#4767=CARTESIAN_POINT('',(-1.9,3.1671036296403,-4.69095328778473));
#4768=CARTESIAN_POINT('',(-1.9,3.40701321740197,-4.69095328778473));
#4769=CARTESIAN_POINT('',(-2.6,3.40701321740197,-4.69095328778473));
#4770=CARTESIAN_POINT('',(-2.6,3.19771817505761,-4.57368353230597));
#4771=CARTESIAN_POINT('',(-1.9,3.19771817505761,-4.57368353230597));
#4772=CARTESIAN_POINT('',(-1.9,3.19771817505761,-4.57368353230597));
#4773=CARTESIAN_POINT('',(-1.9,3.40701321740197,-4.69095328778473));
#4774=CARTESIAN_POINT('',(-1.9,3.48077493941564,-4.06850317066616));
#4775=CARTESIAN_POINT('',(-2.6,3.48077493941564,-4.06850317066616));
#4776=CARTESIAN_POINT('',(-2.6,3.48077493941564,-4.06850317066616));
#4777=CARTESIAN_POINT('',(-1.9,3.48077493941564,-4.06850317066616));
#4778=CARTESIAN_POINT('',(-1.9,3.48077493941564,-4.06850317066616));
#4779=CARTESIAN_POINT('',(-1.9,3.48077493941564,-4.06850317066616));
#4780=CARTESIAN_POINT('',(-1.9,2.9154258751465,-4.40606312717802));
#4781=CARTESIAN_POINT('',(-2.6,2.9154258751465,-4.40606312717802));
#4782=CARTESIAN_POINT('',(-2.6,2.9154258751465,-4.40606312717802));
#4783=CARTESIAN_POINT('',(-2.6,3.17844168496173,-3.93345366449876));
#4784=CARTESIAN_POINT('',(-1.9,2.9154258751465,-4.40606312717802));
#4785=CARTESIAN_POINT('',(-1.9,2.9154258751465,-4.40606312717802));
#4786=CARTESIAN_POINT('',(-1.9,2.9154258751465,-4.40606312717802));
#4787=CARTESIAN_POINT('',(-1.9,3.17844168496173,-3.93345366449876));
#4788=CARTESIAN_POINT('',(-1.9,3.17844168496173,-3.93345366449876));
#4789=CARTESIAN_POINT('',(-1.9,3.37710759144933,-4.66299744627074));
#4790=CARTESIAN_POINT('',(-2.6,3.37710759144933,-4.66299744627074));
#4791=CARTESIAN_POINT('',(-2.6,2.84874668118442,-4.66299744627074));
#4792=CARTESIAN_POINT('',(-1.9,2.84874668118442,-4.66299744627074));
#4793=CARTESIAN_POINT('',(-1.9,2.84874668118442,-4.66299744627074));
#4794=CARTESIAN_POINT('',(-1.9,3.37710759144933,-4.66299744627074));
#4795=CARTESIAN_POINT('',(-1.9,2.84874668118442,-4.68153711025577));
#4796=CARTESIAN_POINT('',(-2.6,2.84874668118442,-4.68153711025577));
#4797=CARTESIAN_POINT('',(-2.6,2.84874668118442,-4.68153711025577));
#4798=CARTESIAN_POINT('',(-1.9,2.84874668118442,-4.68153711025577));
#4799=CARTESIAN_POINT('',(-1.9,2.84874668118442,-4.68153711025577));
#4800=CARTESIAN_POINT('',(-1.9,2.84874668118442,-4.68153711025577));
#4801=CARTESIAN_POINT('',(-1.9,3.5339884177295,-4.68153711025577));
#4802=CARTESIAN_POINT('',(-2.6,3.5339884177295,-4.68153711025577));
#4803=CARTESIAN_POINT('',(-2.6,2.91957717703701,-4.98494288609736));
#4804=CARTESIAN_POINT('',(-1.9,2.91957717703701,-4.98494288609736));
#4805=CARTESIAN_POINT('',(-1.9,2.91957717703701,-4.98494288609736));
#4806=CARTESIAN_POINT('',(-1.9,3.5339884177295,-4.68153711025577));
#4807=CARTESIAN_POINT('',(-1.9,3.43310172278237,-6.02485470848203));
#4808=CARTESIAN_POINT('',(-2.6,3.43310172278237,-6.02485470848203));
#4809=CARTESIAN_POINT('',(-2.6,3.43310172278237,-6.02485470848203));
#4810=CARTESIAN_POINT('',(-1.9,3.43310172278237,-6.02485470848203));
#4811=CARTESIAN_POINT('',(-1.9,3.43310172278237,-6.02485470848203));
#4812=CARTESIAN_POINT('',(-1.9,3.43310172278237,-6.02485470848203));
#4813=CARTESIAN_POINT('',(-1.9,3.43310172278237,-6.02485470848203));
#4814=CARTESIAN_POINT('',(-2.6,3.43310172278237,-6.02485470848203));
#4815=CARTESIAN_POINT('',(-2.6,3.51602824726498,-6.02485470848203));
#4816=CARTESIAN_POINT('',(-1.9,3.51602824726498,-6.02485470848203));
#4817=CARTESIAN_POINT('',(-1.9,3.51602824726498,-6.02485470848203));
#4818=CARTESIAN_POINT('',(-1.9,3.43310172278237,-6.02485470848203));
#4819=CARTESIAN_POINT('',(-1.9,3.7327557077003,-5.91311996482041));
#4820=CARTESIAN_POINT('',(-2.6,3.7327557077003,-5.91311996482041));
#4821=CARTESIAN_POINT('',(-2.6,3.7327557077003,-5.91311996482041));
#4822=CARTESIAN_POINT('',(-1.9,3.7327557077003,-5.91311996482041));
#4823=CARTESIAN_POINT('',(-1.9,3.7327557077003,-5.91311996482041));
#4824=CARTESIAN_POINT('',(-1.9,3.7327557077003,-5.91311996482041));
#4825=CARTESIAN_POINT('',(-1.9,3.19175591128069,-4.86376406949449));
#4826=CARTESIAN_POINT('',(-2.6,3.19175591128069,-4.86376406949449));
#4827=CARTESIAN_POINT('',(-1.9,3.19175591128069,-4.86376406949449));
#4828=CARTESIAN_POINT('',(2.9,3.38885426876298,-4.76214919150361));
#4829=CARTESIAN_POINT('',(2.2,3.38885426876298,-4.76214919150361));
#4830=CARTESIAN_POINT('',(2.2,3.1671036296403,-4.76214919150361));
#4831=CARTESIAN_POINT('',(2.2,3.19175591128069,-4.86376406949449));
#4832=CARTESIAN_POINT('',(2.9,3.1671036296403,-4.76214919150361));
#4833=CARTESIAN_POINT('',(2.9,3.1671036296403,-4.76214919150361));
#4834=CARTESIAN_POINT('',(2.9,3.38885426876298,-4.76214919150361));
#4835=CARTESIAN_POINT('',(2.9,3.19175591128069,-4.86376406949449));
#4836=CARTESIAN_POINT('',(2.9,3.19175591128069,-4.86376406949449));
#4837=CARTESIAN_POINT('',(2.9,3.1671036296403,-4.69095328778473));
#4838=CARTESIAN_POINT('',(2.2,3.1671036296403,-4.69095328778473));
#4839=CARTESIAN_POINT('',(2.2,3.1671036296403,-4.69095328778473));
#4840=CARTESIAN_POINT('',(2.9,3.1671036296403,-4.69095328778473));
#4841=CARTESIAN_POINT('',(2.9,3.1671036296403,-4.69095328778473));
#4842=CARTESIAN_POINT('',(2.9,3.1671036296403,-4.69095328778473));
#4843=CARTESIAN_POINT('',(2.9,3.40701321740197,-4.69095328778473));
#4844=CARTESIAN_POINT('',(2.2,3.40701321740197,-4.69095328778473));
#4845=CARTESIAN_POINT('',(2.2,3.19771817505761,-4.57368353230597));
#4846=CARTESIAN_POINT('',(2.9,3.19771817505761,-4.57368353230597));
#4847=CARTESIAN_POINT('',(2.9,3.19771817505761,-4.57368353230597));
#4848=CARTESIAN_POINT('',(2.9,3.40701321740197,-4.69095328778473));
#4849=CARTESIAN_POINT('',(2.9,2.9154258751465,-4.40606312717802));
#4850=CARTESIAN_POINT('',(2.2,2.9154258751465,-4.40606312717802));
#4851=CARTESIAN_POINT('',(2.2,2.9154258751465,-4.40606312717802));
#4852=CARTESIAN_POINT('',(2.2,3.17844168496173,-3.93345366449876));
#4853=CARTESIAN_POINT('',(2.9,2.9154258751465,-4.40606312717802));
#4854=CARTESIAN_POINT('',(2.9,2.9154258751465,-4.40606312717802));
#4855=CARTESIAN_POINT('',(2.9,2.9154258751465,-4.40606312717802));
#4856=CARTESIAN_POINT('',(2.9,3.17844168496173,-3.93345366449876));
#4857=CARTESIAN_POINT('',(2.9,3.17844168496173,-3.93345366449876));
#4858=CARTESIAN_POINT('',(2.9,3.37710759144933,-4.66299744627074));
#4859=CARTESIAN_POINT('',(2.2,3.37710759144933,-4.66299744627074));
#4860=CARTESIAN_POINT('',(2.2,2.84874668118442,-4.66299744627074));
#4861=CARTESIAN_POINT('',(2.9,2.84874668118442,-4.66299744627074));
#4862=CARTESIAN_POINT('',(2.9,2.84874668118442,-4.66299744627074));
#4863=CARTESIAN_POINT('',(2.9,3.37710759144933,-4.66299744627074));
#4864=CARTESIAN_POINT('',(2.9,2.84874668118442,-4.68153711025577));
#4865=CARTESIAN_POINT('',(2.2,2.84874668118442,-4.68153711025577));
#4866=CARTESIAN_POINT('',(2.2,2.84874668118442,-4.68153711025577));
#4867=CARTESIAN_POINT('',(2.9,2.84874668118442,-4.68153711025577));
#4868=CARTESIAN_POINT('',(2.9,2.84874668118442,-4.68153711025577));
#4869=CARTESIAN_POINT('',(2.9,2.84874668118442,-4.68153711025577));
#4870=CARTESIAN_POINT('',(2.9,3.5339884177295,-4.68153711025577));
#4871=CARTESIAN_POINT('',(2.2,3.5339884177295,-4.68153711025577));
#4872=CARTESIAN_POINT('',(2.2,2.91957717703701,-4.98494288609736));
#4873=CARTESIAN_POINT('',(2.9,2.91957717703701,-4.98494288609736));
#4874=CARTESIAN_POINT('',(2.9,2.91957717703701,-4.98494288609736));
#4875=CARTESIAN_POINT('',(2.9,3.5339884177295,-4.68153711025577));
#4876=CARTESIAN_POINT('',(2.9,3.43310172278237,-6.02485470848203));
#4877=CARTESIAN_POINT('',(2.2,3.43310172278237,-6.02485470848203));
#4878=CARTESIAN_POINT('',(2.2,3.43310172278237,-6.02485470848203));
#4879=CARTESIAN_POINT('',(2.9,3.43310172278237,-6.02485470848203));
#4880=CARTESIAN_POINT('',(2.9,3.43310172278237,-6.02485470848203));
#4881=CARTESIAN_POINT('',(2.9,3.43310172278237,-6.02485470848203));
#4882=CARTESIAN_POINT('',(2.9,3.43310172278237,-6.02485470848203));
#4883=CARTESIAN_POINT('',(2.2,3.43310172278237,-6.02485470848203));
#4884=CARTESIAN_POINT('',(2.2,3.51602824726498,-6.02485470848203));
#4885=CARTESIAN_POINT('',(2.9,3.51602824726498,-6.02485470848203));
#4886=CARTESIAN_POINT('',(2.9,3.51602824726498,-6.02485470848203));
#4887=CARTESIAN_POINT('',(2.9,3.43310172278237,-6.02485470848203));
#4888=CARTESIAN_POINT('',(2.9,3.7327557077003,-5.91311996482041));
#4889=CARTESIAN_POINT('',(2.2,3.7327557077003,-5.91311996482041));
#4890=CARTESIAN_POINT('',(2.2,3.7327557077003,-5.91311996482041));
#4891=CARTESIAN_POINT('',(2.9,3.7327557077003,-5.91311996482041));
#4892=CARTESIAN_POINT('',(2.9,3.7327557077003,-5.91311996482041));
#4893=CARTESIAN_POINT('',(2.9,3.7327557077003,-5.91311996482041));
#4894=CARTESIAN_POINT('',(2.9,3.19175591128069,-4.86376406949449));
#4895=CARTESIAN_POINT('',(2.2,3.19175591128069,-4.86376406949449));
#4896=CARTESIAN_POINT('',(2.9,3.19175591128069,-4.86376406949449));
#4897=CARTESIAN_POINT('',(2.9,3.48077493941564,-4.06850317066616));
#4898=CARTESIAN_POINT('',(2.2,3.48077493941564,-4.06850317066616));
#4899=CARTESIAN_POINT('',(2.2,3.48077493941564,-4.06850317066616));
#4900=CARTESIAN_POINT('',(2.9,3.48077493941564,-4.06850317066616));
#4901=CARTESIAN_POINT('',(2.9,3.48077493941564,-4.06850317066616));
#4902=CARTESIAN_POINT('',(2.9,3.48077493941564,-4.06850317066616));
#4903=CARTESIAN_POINT('',(-2.95,6.1913426881853,-6.01029926073994));
#4904=CARTESIAN_POINT('',(-3.35,6.1913426881853,-6.01029926073994));
#4905=CARTESIAN_POINT('',(-3.35,6.1913426881853,-6.01029926073994));
#4906=CARTESIAN_POINT('',(-3.35,5.9913426881853,-6.01029926073994));
#4907=CARTESIAN_POINT('',(-2.95,6.1913426881853,-6.01029926073994));
#4908=CARTESIAN_POINT('',(-2.95,6.1913426881853,-6.01029926073994));
#4909=CARTESIAN_POINT('',(-2.95,6.1913426881853,-6.01029926073994));
#4910=CARTESIAN_POINT('',(-2.95,5.9913426881853,-6.01029926073994));
#4911=CARTESIAN_POINT('',(-2.95,5.9913426881853,-6.01029926073994));
#4912=CARTESIAN_POINT('',(2.9,8.49073127249218,-4.75091079363625));
#4913=CARTESIAN_POINT('',(2.9,9.04647329359466,-4.52785217530058));
#4914=CARTESIAN_POINT('',(2.9,8.65464556136549,-3.55162835818114));
#4915=CARTESIAN_POINT('',(2.9,5.33000645465975,-3.55162835818114));
#4916=CARTESIAN_POINT('',(2.9,8.33873775849633,-3.55162835818114));
#4917=CARTESIAN_POINT('',(2.9,8.33873775849633,-3.55162835818114));
#4918=CARTESIAN_POINT('',(2.9,8.33873775849633,-3.55162835818114));
#4919=CARTESIAN_POINT('',(2.2,8.33873775849633,-3.55162835818114));
#4920=CARTESIAN_POINT('',(2.2,8.33873775849633,-3.55162835818114));
#4921=CARTESIAN_POINT('',(4.15,8.33873775849633,-3.55162835818114));
#4922=CARTESIAN_POINT('',(2.2,8.49073127249218,-4.75091079363625));
#4923=CARTESIAN_POINT('',(2.2,5.33000645465975,-3.55162835818114));
#4924=CARTESIAN_POINT('',(2.2,8.65464556136549,-3.55162835818114));
#4925=CARTESIAN_POINT('',(2.2,9.04647329359466,-4.52785217530058));
#4926=CARTESIAN_POINT('',(2.9,9.04647329359466,-4.52785217530058));
#4927=CARTESIAN_POINT('',(4.15,8.65464556136549,-3.55162835818114));
#4928=CARTESIAN_POINT('',(-1.9,8.49073127249218,-4.75091079363625));
#4929=CARTESIAN_POINT('',(-1.9,9.04647329359466,-4.52785217530058));
#4930=CARTESIAN_POINT('',(-1.9,8.65464556136549,-3.55162835818114));
#4931=CARTESIAN_POINT('',(-1.9,5.33000645465975,-3.55162835818114));
#4932=CARTESIAN_POINT('',(-1.9,8.33873775849633,-3.55162835818114));
#4933=CARTESIAN_POINT('',(-1.9,8.33873775849633,-3.55162835818114));
#4934=CARTESIAN_POINT('',(-1.9,8.33873775849633,-3.55162835818114));
#4935=CARTESIAN_POINT('',(-2.6,8.33873775849633,-3.55162835818114));
#4936=CARTESIAN_POINT('',(-2.6,8.33873775849633,-3.55162835818114));
#4937=CARTESIAN_POINT('',(4.15,8.33873775849633,-3.55162835818114));
#4938=CARTESIAN_POINT('',(-2.6,8.49073127249218,-4.75091079363625));
#4939=CARTESIAN_POINT('',(-2.6,5.33000645465975,-3.55162835818114));
#4940=CARTESIAN_POINT('',(-2.6,8.65464556136549,-3.55162835818114));
#4941=CARTESIAN_POINT('',(-2.6,9.04647329359466,-4.52785217530058));
#4942=CARTESIAN_POINT('',(-1.9,9.04647329359466,-4.52785217530058));
#4943=CARTESIAN_POINT('',(4.15,8.65464556136549,-3.55162835818114));
#4944=CARTESIAN_POINT('',(4.15,9.30104546608295,-3.55162835818114));
#4945=CARTESIAN_POINT('',(-4.15,9.30104546608295,-3.55162835818114));
#4946=CARTESIAN_POINT('',(-4.15,9.30104546608295,-3.55162835818114));
#4947=CARTESIAN_POINT('',(4.15,9.30104546608295,-3.55162835818114));
#4948=CARTESIAN_POINT('',(4.15,9.30104546608295,-3.55162835818114));
#4949=CARTESIAN_POINT('',(4.15,9.30104546608295,-3.55162835818114));
#4950=CARTESIAN_POINT('',(-4.15,5.95523006061722,0.301506179617164));
#4951=CARTESIAN_POINT('',(-4.15,5.62814919757882,0.301506179617164));
#4952=CARTESIAN_POINT('',(-4.15,5.62814919757882,-3.55162835818114));
#4953=CARTESIAN_POINT('',(-4.15,1.95525292907469,3.48625592783501));
#4954=CARTESIAN_POINT('',(-4.15,5.33000645465975,-3.55162835818114));
#4955=CARTESIAN_POINT('',(-4.4980196403244,5.62814919757882,-0.321984113099412));
#4956=CARTESIAN_POINT('',(-4.4980196403244,5.62814919757882,-3.55162835818114));
#4957=CARTESIAN_POINT('',(-3.8019803596756,5.62814919757882,-3.55162835818114));
#4958=CARTESIAN_POINT('',(-3.8019803596756,5.62814919757882,-0.321984113099412));
#4959=CARTESIAN_POINT('',(-3.8019803596756,3.79170106332676,-1.93680623564028));
#4960=CARTESIAN_POINT('',(-3.8019803596756,1.95525292907469,3.48625592783501));
#4961=CARTESIAN_POINT('',(-3.8019803596756,1.95525292907469,-3.55162835818114));
#4962=CARTESIAN_POINT('',(-3.8019803596756,5.33000645465975,-3.55162835818114));
#4963=CARTESIAN_POINT('',(4.15,1.95525292907469,3.48625592783501));
#4964=CARTESIAN_POINT('',(3.80198035967561,1.95525292907469,3.48625592783501));
#4965=CARTESIAN_POINT('',(3.80198035967561,1.95525292907469,-3.55162835818114));
#4966=CARTESIAN_POINT('',(4.15,1.95525292907469,3.48625592783501));
#4967=CARTESIAN_POINT('',(4.15,1.95525292907469,-3.55162835818114));
#4968=CARTESIAN_POINT('',(3.80198035967561,3.79170106332676,-1.93680623564028));
#4969=CARTESIAN_POINT('',(3.80198035967561,5.62814919757882,-0.321984113099412));
#4970=CARTESIAN_POINT('',(3.80198035967561,5.62814919757882,-3.55162835818114));
#4971=CARTESIAN_POINT('',(3.80198035967561,5.33000645465975,-3.55162835818114));
#4972=CARTESIAN_POINT('',(4.49801964032439,5.62814919757882,-0.321984113099412));
#4973=CARTESIAN_POINT('',(4.15,5.62814919757882,0.301506179617164));
#4974=CARTESIAN_POINT('',(4.15,5.62814919757882,-3.55162835818114));
#4975=CARTESIAN_POINT('',(4.49801964032439,5.62814919757882,-3.55162835818114));
#4976=CARTESIAN_POINT('',(4.15,5.95523006061722,0.301506179617164));
#4977=CARTESIAN_POINT('',(4.15,5.33000645465975,-3.55162835818114));
#4978=CARTESIAN_POINT('',(-1.9,3.48077493941564,-3.55162835818114));
#4979=CARTESIAN_POINT('',(-2.6,3.48077493941564,-3.55162835818114));
#4980=CARTESIAN_POINT('',(-2.6,3.48077493941564,-3.55162835818114));
#4981=CARTESIAN_POINT('',(4.15,3.48077493941564,-3.55162835818114));
#4982=CARTESIAN_POINT('',(-1.9,3.48077493941564,-3.55162835818114));
#4983=CARTESIAN_POINT('',(-1.9,3.48077493941564,-3.55162835818114));
#4984=CARTESIAN_POINT('',(-1.9,3.5339884177295,-4.68153711025577));
#4985=CARTESIAN_POINT('',(-1.9,5.33000645465975,-3.55162835818114));
#4986=CARTESIAN_POINT('',(-1.9,3.1671036296403,-3.55162835818114));
#4987=CARTESIAN_POINT('',(-1.9,3.17844168496173,-3.93345366449876));
#4988=CARTESIAN_POINT('',(-1.9,3.17844168496173,-3.93345366449876));
#4989=CARTESIAN_POINT('',(-2.6,3.17844168496173,-3.93345366449876));
#4990=CARTESIAN_POINT('',(-2.6,3.1671036296403,-3.55162835818114));
#4991=CARTESIAN_POINT('',(4.15,3.1671036296403,-3.55162835818114));
#4992=CARTESIAN_POINT('',(-2.6,3.5339884177295,-4.68153711025577));
#4993=CARTESIAN_POINT('',(-2.6,5.33000645465975,-3.55162835818114));
#4994=CARTESIAN_POINT('',(2.9,3.5339884177295,-4.68153711025577));
#4995=CARTESIAN_POINT('',(2.9,3.48077493941564,-3.55162835818114));
#4996=CARTESIAN_POINT('',(2.9,3.48077493941564,-3.55162835818114));
#4997=CARTESIAN_POINT('',(2.9,5.33000645465975,-3.55162835818114));
#4998=CARTESIAN_POINT('',(2.9,3.1671036296403,-3.55162835818114));
#4999=CARTESIAN_POINT('',(2.9,3.17844168496173,-3.93345366449876));
#5000=CARTESIAN_POINT('',(2.9,3.17844168496173,-3.93345366449876));
#5001=CARTESIAN_POINT('',(2.2,3.17844168496173,-3.93345366449876));
#5002=CARTESIAN_POINT('',(2.2,3.1671036296403,-3.55162835818114));
#5003=CARTESIAN_POINT('',(4.15,3.1671036296403,-3.55162835818114));
#5004=CARTESIAN_POINT('',(2.2,3.5339884177295,-4.68153711025577));
#5005=CARTESIAN_POINT('',(2.2,5.33000645465975,-3.55162835818114));
#5006=CARTESIAN_POINT('',(2.2,3.48077493941564,-3.55162835818114));
#5007=CARTESIAN_POINT('',(2.2,3.48077493941564,-3.55162835818114));
#5008=CARTESIAN_POINT('',(2.9,3.48077493941564,-3.55162835818114));
#5009=CARTESIAN_POINT('',(8.95,3.48077493941564,-3.55162835818114));
#5010=CARTESIAN_POINT('',(-2.95,6.1913426881853,-3.55162835818114));
#5011=CARTESIAN_POINT('',(-3.35,6.1913426881853,-3.55162835818114));
#5012=CARTESIAN_POINT('',(-3.35,6.1913426881853,-3.55162835818114));
#5013=CARTESIAN_POINT('',(4.15,6.1913426881853,-3.55162835818114));
#5014=CARTESIAN_POINT('',(-2.95,6.1913426881853,-3.55162835818114));
#5015=CARTESIAN_POINT('',(-2.95,6.1913426881853,-3.55162835818114));
#5016=CARTESIAN_POINT('',(-2.95,0.,0.));
#5017=CARTESIAN_POINT('',(-2.95,5.9913426881853,-6.01029926073994));
#5018=CARTESIAN_POINT('',(-2.95,5.9913426881853,-3.55162835818114));
#5019=CARTESIAN_POINT('',(-2.95,5.33000645465975,-3.55162835818114));
#5020=CARTESIAN_POINT('',(-2.95,5.9913426881853,-6.01029926073994));
#5021=CARTESIAN_POINT('',(-3.35,5.9913426881853,-6.01029926073994));
#5022=CARTESIAN_POINT('',(-3.35,5.9913426881853,-3.55162835818114));
#5023=CARTESIAN_POINT('',(4.15,5.9913426881853,-3.55162835818114));
#5024=CARTESIAN_POINT('',(-3.35,0.,0.));
#5025=CARTESIAN_POINT('',(-3.35,5.33000645465975,-3.55162835818114));
#5026=CARTESIAN_POINT('',(4.15,5.33000645465975,-3.55162835818114));
#5027=CARTESIAN_POINT('',(2.95,5.33000645465975,-3.55162835818114));
#5028=CARTESIAN_POINT('',(2.95,5.9913426881853,-3.55162835818114));
#5029=CARTESIAN_POINT('',(2.95,6.1913426881853,-3.55162835818114));
#5030=CARTESIAN_POINT('',(4.15,5.9913426881853,-3.55162835818114));
#5031=CARTESIAN_POINT('',(3.35,5.9913426881853,-3.55162835818114));
#5032=CARTESIAN_POINT('',(3.35,5.33000645465975,-3.55162835818114));
#5033=CARTESIAN_POINT('',(3.35,6.1913426881853,-3.55162835818114));
#5034=CARTESIAN_POINT('',(4.15,6.1913426881853,-3.55162835818114));
#5035=CARTESIAN_POINT('',(3.35,5.9913426881853,-6.01029926073994));
#5036=CARTESIAN_POINT('',(2.95,5.9913426881853,-6.01029926073994));
#5037=CARTESIAN_POINT('',(2.95,5.9913426881853,-6.01029926073994));
#5038=CARTESIAN_POINT('',(3.35,5.9913426881853,-6.01029926073994));
#5039=CARTESIAN_POINT('',(3.35,5.9913426881853,-6.01029926073994));
#5040=CARTESIAN_POINT('',(3.35,5.9913426881853,-6.01029926073994));
#5041=CARTESIAN_POINT('',(3.35,6.1913426881853,-3.55162835818114));
#5042=CARTESIAN_POINT('',(2.95,6.1913426881853,-3.55162835818114));
#5043=CARTESIAN_POINT('',(2.95,6.1913426881853,-6.01029926073994));
#5044=CARTESIAN_POINT('',(3.35,6.1913426881853,-3.55162835818114));
#5045=CARTESIAN_POINT('',(3.35,6.1913426881853,-6.01029926073994));
#5046=CARTESIAN_POINT('',(3.35,6.1913426881853,-6.01029926073994));
#5047=CARTESIAN_POINT('',(3.35,6.1913426881853,-6.01029926073994));
#5048=CARTESIAN_POINT('',(2.95,6.1913426881853,-6.01029926073994));
#5049=CARTESIAN_POINT('',(3.35,6.1913426881853,-6.01029926073994));
#5050=CARTESIAN_POINT('',(2.95,0.,0.));
#5051=CARTESIAN_POINT('',(3.35,0.,0.));
#5052=CARTESIAN_POINT('',(4.38525375769192,-0.822376228731589,-3.15616836318715));
#5053=MECHANICAL_DESIGN_GEOMETRIC_PRESENTATION_REPRESENTATION('',(#2407,
#2408,#2409,#2410,#2411,#2412,#2413,#2414,#2415,#2416,#2417,#2418,#2419,
#2420,#2421,#2422,#2423,#2424,#2425,#2426,#2427,#2428,#2429,#2430,#2431,
#2432,#2433,#2434,#2435,#2436,#2437,#2438,#2439,#2440,#2441,#2442,#2443,
#2444,#2445,#2446,#2447,#2448,#2449,#2450,#2451,#2452,#2453,#2454,#2455,
#2456,#2457,#2458,#2459,#2460,#2461,#2462,#2463,#2464,#2465,#2466,#2467,
#2468,#2469,#2470,#2471,#2472,#2473,#2474,#2475,#2476,#2477,#2478,#2479,
#2480,#2481,#2482,#2483,#2484,#2485,#2486,#2487,#2488,#2489,#2490,#2491,
#2492,#2493,#2494,#2495,#2496,#2497,#2498,#2499,#2500,#2501,#2502,#2503,
#2504,#2505,#2506,#2507,#2508,#2509,#2510,#2511,#2512,#2513,#2514,#2515,
#2516,#2517,#2518,#2519,#2520,#2521,#2522,#2523,#2524,#2525,#2526,#2527,
#2528,#2529,#2530,#2531,#2532,#2533,#2534,#2535,#2536,#2537,#2538,#2539,
#2540,#2541),#5054);
#5054=(
GEOMETRIC_REPRESENTATION_CONTEXT(3)
GLOBAL_UNCERTAINTY_ASSIGNED_CONTEXT((#5055))
GLOBAL_UNIT_ASSIGNED_CONTEXT((#5058,#5057,#5056))
REPRESENTATION_CONTEXT('228ADS2AAWFCMBA','TOP_LEVEL_ASSEMBLY_PART')
);
#5055=UNCERTAINTY_MEASURE_WITH_UNIT(LENGTH_MEASURE(0.005),#5058,
'DISTANCE_ACCURACY_VALUE','Maximum Tolerance applied to model');
#5056=(
NAMED_UNIT(*)
SI_UNIT($,.STERADIAN.)
SOLID_ANGLE_UNIT()
);
#5057=(
NAMED_UNIT(*)
PLANE_ANGLE_UNIT()
SI_UNIT($,.RADIAN.)
);
#5058=(
LENGTH_UNIT()
NAMED_UNIT(*)
SI_UNIT(.MILLI.,.METRE.)
);
#5059=PRODUCT_DEFINITION_SHAPE('','',#5060);
#5060=PRODUCT_DEFINITION('','',#5062,#5061);
#5061=PRODUCT_DEFINITION_CONTEXT('',#5068,'design');
#5062=PRODUCT_DEFINITION_FORMATION_WITH_SPECIFIED_SOURCE('','',#5064,
 .NOT_KNOWN.);
#5063=PRODUCT_RELATED_PRODUCT_CATEGORY('','',(#5064));
#5064=PRODUCT('228ADS2AAWFCMBA','228ADS2AAWFCMBA','228ADS2AAWFCMBA',(#5066));
#5065=PRODUCT_CATEGORY('','');
#5066=PRODUCT_CONTEXT('',#5068,'mechanical');
#5067=APPLICATION_PROTOCOL_DEFINITION('international standard',
'automotive_design',2010,#5068);
#5068=APPLICATION_CONTEXT(
'core data for automotive mechanical design processes');
ENDSEC;
END-ISO-10303-21;
